{"version": {"json_export": "201", "page_segmentation": "5", "schema": "1.1.0", "structure": "1.1081.0", "table_structure": "5"}, "extended_metadata": {"ID_instance": "87 FB 1F 28 80 B9 B2 11 0A 00 67 45 8B 6B C6 23 ", "ID_permanent": "35 45 20 43 39 20 31 42 20 32 38 20 38 30 20 42 39 20 42 32 20 31 31 20 30 41 20 30 30 20 36 37 20 34 35 20 38 42 20 36 42 20 43 36 20 32 33 20 ", "has_acroform": false, "has_embedded_files": false, "is_XFA": false, "is_certified": false, "is_encrypted": false, "is_digitally_signed": false, "language": "en", "page_count": 7, "pdf_version": "1.6", "pdfa_compliance_level": "", "pdfua_compliance_level": ""}, "elements": [{"Bounds": [116.99000549316406, 709.9799957275391, 523.8099975585938, 742.280029296875], "ObjectID": 176, "Page": 0, "Path": "//Document/Figure", "attributes": {"BBox": [117.23499999999694, 710.125, 523.6589999999851, 742.0439999999944], "Placement": "Block"}}, {"Bounds": [156.60000610351562, 617.2687225341797, 486.656494140625, 645.1705169677734], "Font": {"alt_family_name": "Arial", "embedded": false, "encoding": "WinAnsiEncoding", "family_name": "Arial", "font_type": "TrueType", "italic": false, "monospaced": false, "name": "Arial,Bold", "subset": false, "weight": 700}, "HasClip": false, "Lang": "en", "ObjectID": 177, "Page": 0, "Path": "//Document/P", "Text": "NATIONAL CODE OF PRACTICE ", "TextSize": 20.029998779296875, "attributes": {"LineHeight": 24, "SpaceAfter": 10.875, "TextAlign": "Center"}}, {"Bounds": [305.52305603027344, 582.3564300537109, 337.8374481201172, 610.2582244873047], "Font": {"alt_family_name": "Arial", "embedded": false, "encoding": "WinAnsiEncoding", "family_name": "Arial", "font_type": "TrueType", "italic": false, "monospaced": false, "name": "Arial,Bold", "subset": false, "weight": 700}, "HasClip": false, "ObjectID": 178, "Page": 0, "Path": "//Document/P[2]/Sub", "Text": "for ", "TextSize": 20.029998779296875, "attributes": {"Placement": "Block"}}, {"Bounds": [153.8358612060547, 512.4116668701172, 489.32032775878906, 575.2257537841797], "Font": {"alt_family_name": "Arial", "embedded": false, "encoding": "WinAnsiEncoding", "family_name": "Arial", "font_type": "TrueType", "italic": false, "monospaced": false, "name": "Arial,Bold", "subset": false, "weight": 700}, "HasClip": false, "ObjectID": 179, "Page": 0, "Path": "//Document/P[2]/Sub[2]", "Text": "LIGHT VEHICLE CONSTRUCTION and ", "TextSize": 20.029998779296875, "attributes": {"Placement": "Block"}}, {"Bounds": [245.51316833496094, 477.3791961669922, 397.71311950683594, 505.28099060058594], "Font": {"alt_family_name": "Arial", "embedded": false, "encoding": "WinAnsiEncoding", "family_name": "Arial", "font_type": "TrueType", "italic": false, "monospaced": false, "name": "Arial,Bold", "subset": false, "weight": 700}, "HasClip": false, "Lang": "en", "ObjectID": 180, "Page": 0, "Path": "//Document/P[3]", "Text": "MODIFICATION ", "TextSize": 20.029998779296875, "attributes": {"LineHeight": 24, "SpaceAfter": 18, "TextAlign": "Center"}}, {"Bounds": [261.47999572753906, 318.29600524902344, 382.7953796386719, 351.7279968261719], "Font": {"alt_family_name": "Arial", "embedded": false, "encoding": "WinAnsiEncoding", "family_name": "Arial", "font_type": "TrueType", "italic": false, "monospaced": false, "name": "Arial,Bold", "subset": false, "weight": 700}, "HasClip": false, "Lang": "en", "ObjectID": 181, "Page": 0, "Path": "//Document/P[4]", "Text": "PREFACE ", "TextSize": 24.0, "attributes": {"LineHeight": 28.75, "SpaceAfter": 18, "TextAlign": "Center"}}, {"Bounds": [183.0, 125.50871276855469, 438.6148376464844, 153.41050720214844], "Font": {"alt_family_name": "Arial", "embedded": false, "encoding": "WinAnsiEncoding", "family_name": "Arial", "font_type": "TrueType", "italic": false, "monospaced": false, "name": "Arial,Bold", "subset": false, "weight": 700}, "HasClip": false, "Lang": "en", "ObjectID": 182, "Page": 0, "Path": "//Document/P[5]", "Text": "Version 2.0 January 2011 ", "TextSize": 20.029998779296875, "attributes": {"LineHeight": 24, "TextAlign": "Center"}}, {"Bounds": [42.600006103515625, 197.39828491210938, 111.55601501464844, 208.0701446533203], "Font": {"alt_family_name": "Arial", "embedded": false, "encoding": "WinAnsiEncoding", "family_name": "Arial", "font_type": "TrueType", "italic": false, "monospaced": false, "name": "Arial", "subset": false, "weight": 400}, "HasClip": false, "Lang": "en", "ObjectID": 225, "Page": 1, "Path": "//Document/P[6]", "Text": "This page is blank. ", "TextSize": 8.029998779296875, "attributes": {"LineHeight": 9.625, "SpaceAfter": 18}}, {"Bounds": [275.8800048828125, 738.8719940185547, 366.8089294433594, 763.9459991455078], "Font": {"alt_family_name": "Arial", "embedded": false, "encoding": "WinAnsiEncoding", "family_name": "Arial", "font_type": "TrueType", "italic": false, "monospaced": false, "name": "Arial,Bold", "subset": false, "weight": 700}, "HasClip": false, "Lang": "en", "ObjectID": 326, "Page": 2, "Path": "//Document/H1", "Text": "PREFACE ", "TextSize": 18.0, "attributes": {"LineHeight": 21.625, "SpaceAfter": 18, "TextAlign": "Center"}}, {"Bounds": [85.08000183105469, 720.0079956054688, 176.27520751953125, 736.7239990234375], "Font": {"alt_family_name": "Arial", "embedded": false, "encoding": "WinAnsiEncoding", "family_name": "Arial", "font_type": "TrueType", "italic": false, "monospaced": false, "name": "Arial,Bold", "subset": false, "weight": 700}, "HasClip": false, "Lang": "en", "ObjectID": 327, "Page": 2, "Path": "//Document/H1[2]", "Text": "BACKGROUND ", "TextSize": 12.0, "attributes": {"LineHeight": 14.375, "SpaceAfter": 12.375}}, {"Bounds": [85.08000183105469, 620.0286865234375, 555.6573028564453, 710.6451568603516], "Font": {"alt_family_name": "Arial", "embedded": false, "encoding": "WinAnsiEncoding", "family_name": "Arial", "font_type": "TrueType", "italic": false, "monospaced": false, "name": "Arial", "subset": false, "weight": 400}, "HasClip": false, "Lang": "en", "ObjectID": 328, "Page": 2, "Path": "//Document/P[7]", "Text": "The original version of the National Code of Practice for Light Vehicle Construction and Modification (NCOP) was approved in principle by the Australian Motor Vehicle Certification Board Working Party members at a meeting held on 28 November 2005. The document was finally endorsed at a teleconference held on 17 January 2006. It was subsequently posted on the Department of Infrastructure and Transport (DIT) website in February 2006 as Vehicle Safety Bulletin No 14 National Code of Practice for Light Vehicle Construction and Modification (VSB 14). ", "TextSize": 11.029998779296875, "attributes": {"LineHeight": 12.625, "SpaceAfter": 12, "TextAlign": "Justify"}}, {"Bounds": [85.08091735839844, 557.5216827392578, 555.6405639648438, 610.0906524658203], "Font": {"alt_family_name": "Arial", "embedded": false, "encoding": "WinAnsiEncoding", "family_name": "Arial", "font_type": "TrueType", "italic": false, "monospaced": false, "name": "Arial", "subset": false, "weight": 400}, "HasClip": false, "Lang": "en", "ObjectID": 330, "Page": 2, "Path": "//Document/P[8]", "Text": "The underlying principles governing this document are in accordance with the national transport reform process that seeks to reduce barriers to trade and inconvenience to both industry and the public in the operation and registration of vehicles across Australian State and Territory borders. ", "TextSize": 11.029998779296875, "attributes": {"LineHeight": 12.625, "SpaceAfter": 12, "TextAlign": "Justify"}}, {"Bounds": [85.08091735839844, 494.8933410644531, 555.5457000732422, 547.4623260498047], "Font": {"alt_family_name": "Arial", "embedded": false, "encoding": "WinAnsiEncoding", "family_name": "Arial", "font_type": "TrueType", "italic": false, "monospaced": false, "name": "Arial", "subset": false, "weight": 400}, "HasClip": false, "Lang": "en", "ObjectID": 331, "Page": 2, "Path": "//Document/P[9]", "Text": "In August 2006 the Australian Transport Council endorsed the inclusion of VSB 14 in the Australian Vehicle Standards Rules (AVSR) as a source of guidance for vehicle modifications. The consolidated amendments to the AVSR published in 2007 reflect this decision in Part 3 Australian Design Rules. ", "TextSize": 11.029998779296875, "attributes": {"LineHeight": 12.625, "SpaceAfter": 12, "TextAlign": "Justify"}}, {"Bounds": [85.08091735839844, 432.38633728027344, 555.7574768066406, 484.95530700683594], "Font": {"alt_family_name": "Arial", "embedded": false, "encoding": "WinAnsiEncoding", "family_name": "Arial", "font_type": "TrueType", "italic": false, "monospaced": false, "name": "Arial", "subset": false, "weight": 400}, "HasClip": false, "Lang": "en", "ObjectID": 332, "Page": 2, "Path": "//Document/P[10]", "Text": "Each jurisdiction has adopted the AVSR in its legislation, either by reference or incorporation in regulations, and there may be variations in some the rules or rule numbers. For the purpose of clarity, the terms Australian Vehicle Standards Rules and (AVSR) will be used throughout VSB 14 to indicate both the AVSR and the variation used by each jurisdiction. ", "TextSize": 11.029998779296875, "attributes": {"LineHeight": 12.625, "SpaceAfter": 12.125, "TextAlign": "Justify"}}, {"Bounds": [85.08091735839844, 395.07183837890625, 555.5214385986328, 422.32696533203125], "Font": {"alt_family_name": "Arial", "embedded": false, "encoding": "WinAnsiEncoding", "family_name": "Arial", "font_type": "TrueType", "italic": false, "monospaced": false, "name": "Arial", "subset": false, "weight": 400}, "HasClip": false, "Lang": "en", "ObjectID": 333, "Page": 2, "Path": "//Document/P[11]", "Text": "VSB 14 has been prepared in consultation with industry, user groups and government agencies with an interest in light vehicle construction and modification. ", "TextSize": 11.029998779296875, "attributes": {"LineHeight": 12.625, "SpaceAfter": 12.125}}, {"Bounds": [85.08091735839844, 357.7573547363281, 555.4541625976562, 385.0124816894531], "Font": {"alt_family_name": "Arial", "embedded": false, "encoding": "WinAnsiEncoding", "family_name": "Arial", "font_type": "TrueType", "italic": false, "monospaced": false, "name": "Arial", "subset": false, "weight": 400}, "HasClip": false, "Lang": "en", "ObjectID": 334, "Page": 2, "Path": "//Document/P[12]", "Text": "However its adoption as an integral part of the registration process is the individual responsibility of the Registration Authority of each jurisdiction. ", "TextSize": 11.029998779296875, "attributes": {"LineHeight": 12.625, "SpaceAfter": 11}}, {"Bounds": [85.08000183105469, 331.3280029296875, 223.13168334960938, 348.04400634765625], "Font": {"alt_family_name": "Arial", "embedded": false, "encoding": "WinAnsiEncoding", "family_name": "Arial", "font_type": "TrueType", "italic": false, "monospaced": false, "name": "Arial,Bold", "subset": false, "weight": 700}, "HasClip": false, "Lang": "en", "ObjectID": 335, "Page": 2, "Path": "//Document/H1[3]", "Text": "INTENT AND PURPOSE ", "TextSize": 12.0, "attributes": {"LineHeight": 14.375, "SpaceAfter": 12.25}}, {"Bounds": [85.08000183105469, 256.67857360839844, 555.6418609619141, 321.96514892578125], "Font": {"alt_family_name": "Arial", "embedded": false, "encoding": "WinAnsiEncoding", "family_name": "Arial", "font_type": "TrueType", "italic": false, "monospaced": false, "name": "Arial", "subset": false, "weight": 400}, "HasClip": false, "Lang": "en", "ObjectID": 336, "Page": 2, "Path": "//Document/P[13]", "Text": "VSB 14 has been prepared to provide guidance for those who intend to manufacture an Individually Constructed Vehicle (ICV) or to carry out light vehicle modifications. Its ultimate aim is to ensure that each completed vehicle is safe for use on the road and that the level of safety afforded by a vehicle to its passengers and other road users is not compromised by any modifications. ", "TextSize": 11.029998779296875, "attributes": {"LineHeight": 12.625, "SpaceAfter": 11.875, "TextAlign": "Justify"}}, {"Bounds": [85.08000183105469, 194.0502471923828, 555.5238342285156, 246.7405548095703], "Font": {"alt_family_name": "Arial", "embedded": false, "encoding": "WinAnsiEncoding", "family_name": "Arial", "font_type": "TrueType", "italic": false, "monospaced": false, "name": "Arial", "subset": false, "weight": 400}, "HasClip": false, "Lang": "en", "ObjectID": 337, "Page": 2, "Path": "//Document/P[14]", "Text": "One of the principal aims of the VSB 14 project is to provide a nationally acceptable set of technical specifications that ensure that the manufacture of ICVs and the modification of production vehicles comply with the applicable requirements of the Australian Design Rules (ADRs) and the AVSR. ", "TextSize": 11.029998779296875, "attributes": {"LineHeight": 12.625, "SpaceAfter": 11.875, "TextAlign": "Justify"}}, {"Bounds": [85.08000183105469, 156.73574829101562, 555.5392761230469, 184.11221313476562], "Font": {"alt_family_name": "Arial", "embedded": false, "encoding": "WinAnsiEncoding", "family_name": "Arial", "font_type": "TrueType", "italic": false, "monospaced": false, "name": "Arial", "subset": false, "weight": 400}, "HasClip": false, "Lang": "en", "ObjectID": 338, "Page": 2, "Path": "//Document/P[15]", "Text": "Compliance with VSB 14 requirements will help ensure that work undertaken satisfies the regulatory requirements of jurisdictions. ", "TextSize": 11.029998779296875, "attributes": {"LineHeight": 12.75, "SpaceAfter": 11}}, {"Bounds": [85.08000183105469, 130.3280029296875, 130.49649047851562, 147.04400634765625], "Font": {"alt_family_name": "Arial", "embedded": false, "encoding": "WinAnsiEncoding", "family_name": "Arial", "font_type": "TrueType", "italic": false, "monospaced": false, "name": "Arial,Bold", "subset": false, "weight": 700}, "HasClip": false, "Lang": "en", "ObjectID": 339, "Page": 2, "Path": "//Document/H1[4]", "Text": "SCOPE ", "TextSize": 12.0, "attributes": {"LineHeight": 14.375, "SpaceAfter": 12.375}}, {"Bounds": [85.08000183105469, 93.71002197265625, 555.4730987548828, 120.96514892578125], "Font": {"alt_family_name": "Arial", "embedded": false, "encoding": "WinAnsiEncoding", "family_name": "Arial", "font_type": "TrueType", "italic": false, "monospaced": false, "name": "Arial", "subset": false, "weight": 400}, "HasClip": false, "Lang": "en", "ObjectID": 340, "Page": 2, "Path": "//Document/P[16]", "Text": "VSB 14 applies to both the construction of ICVs and the modification of production vehicles. It may be used by individuals and businesses involved in vehicle modifications and construction. ", "TextSize": 11.029998779296875, "attributes": {"LineHeight": 12.625, "SpaceAfter": 18}}, {"Bounds": [42.600006103515625, 760.4262847900391, 131.3440704345703, 775.0851440429688], "Font": {"alt_family_name": "Arial", "embedded": false, "encoding": "WinAnsiEncoding", "family_name": "Arial", "font_type": "TrueType", "italic": false, "monospaced": false, "name": "Arial", "subset": false, "weight": 400}, "HasClip": false, "Lang": "en", "ObjectID": 507, "Page": 3, "Path": "//Document/P[17]", "Text": "VSB 14 does not: ", "TextSize": 11.029998779296875, "attributes": {"LineHeight": 13.25, "SpaceAfter": 12.625}}, {"Bounds": [60.47962951660156, 736.2595520019531, 68.31092834472656, 749.7602691650391], "Font": {"alt_family_name": "Symbol OO Enc", "embedded": true, "encoding": "Identity-H", "family_name": "Symbol OO Enc", "font_type": "CIDFontType2", "italic": false, "monospaced": false, "name": "YYAAAA+SymbolOOEnc", "subset": true, "weight": 400}, "HasClip": false, "ObjectID": 760, "Page": 3, "Path": "//Document/L/LI/Lbl", "Text": "\uf0b7 ", "TextSize": 11.029998779296875}, {"Bounds": [78.23793029785156, 722.3838043212891, 513.0228729248047, 749.7602691650391], "Font": {"alt_family_name": "Arial", "embedded": false, "encoding": "WinAnsiEncoding", "family_name": "Arial", "font_type": "TrueType", "italic": false, "monospaced": false, "name": "Arial", "subset": false, "weight": 400}, "HasClip": false, "ObjectID": 761, "Page": 3, "Path": "//Document/L/LI/LBody", "Text": "contain an exhaustive list of modifications. (The appropriate Registration Authority must be contacted for information about modifications that are not included in VSB 14); ", "TextSize": 11.029998779296875}, {"Bounds": [60.47962951660156, 698.2170867919922, 68.31092834472656, 711.7178039550781], "Font": {"alt_family_name": "Symbol OO Enc", "embedded": true, "encoding": "Identity-H", "family_name": "Symbol OO Enc", "font_type": "CIDFontType2", "italic": false, "monospaced": false, "name": "YYAAAA+SymbolOOEnc", "subset": true, "weight": 400}, "HasClip": false, "ObjectID": 757, "Page": 3, "Path": "//Document/L/LI[2]/Lbl", "Text": "\uf0b7 ", "TextSize": 11.029998779296875}, {"Bounds": [78.23793029785156, 697.0589294433594, 327.5423126220703, 711.7178039550781], "Font": {"alt_family_name": "Arial", "embedded": false, "encoding": "WinAnsiEncoding", "family_name": "Arial", "font_type": "TrueType", "italic": false, "monospaced": false, "name": "Arial", "subset": false, "weight": 400}, "HasClip": false, "ObjectID": 758, "Page": 3, "Path": "//Document/L/LI[2]/LBody", "Text": "cover the construction or modification of trailers; or ", "TextSize": 11.029998779296875}, {"Bounds": [60.47962951660156, 672.7819061279297, 68.31092834472656, 686.2826232910156], "Font": {"alt_family_name": "Symbol OO Enc", "embedded": true, "encoding": "Identity-H", "family_name": "Symbol OO Enc", "font_type": "CIDFontType2", "italic": false, "monospaced": false, "name": "YYAAAA+SymbolOOEnc", "subset": true, "weight": 400}, "HasClip": false, "ObjectID": 754, "Page": 3, "Path": "//Document/L/LI[3]/Lbl", "Text": "\uf0b7 ", "TextSize": 11.029998779296875}, {"Bounds": [78.23793029785156, 633.7136383056641, 513.0934753417969, 686.2826232910156], "Font": {"alt_family_name": "Arial", "embedded": false, "encoding": "WinAnsiEncoding", "family_name": "Arial", "font_type": "TrueType", "italic": false, "monospaced": false, "name": "Arial", "subset": false, "weight": 400}, "HasClip": false, "ObjectID": 755, "Page": 3, "Path": "//Document/L/LI[3]/LBody", "Text": "cover the technical requirements for vehicles that are manufactured for supply to the Australian market as these vehicles must be certified by their manufacturers under the appropriate schemes administered by the Australian Government under the Motor Vehicle Standards Act 1989 (MVSA). ", "TextSize": 11.029998779296875}, {"Bounds": [42.600006103515625, 607.3280029296875, 432.6348876953125, 624.0440063476562], "Font": {"alt_family_name": "Arial", "embedded": false, "encoding": "WinAnsiEncoding", "family_name": "Arial", "font_type": "TrueType", "italic": false, "monospaced": false, "name": "Arial,Bold", "subset": false, "weight": 700}, "HasClip": false, "Lang": "en", "ObjectID": 509, "Page": 3, "Path": "//Document/H1[5]", "Text": "RELATIONSHIP WITH THE LAWS OF AUSTRALIAN JURISDICTIONS ", "TextSize": 12.0, "attributes": {"LineHeight": 14.375, "SpaceAfter": 12.25}}, {"Bounds": [42.600006103515625, 557.992431640625, 513.0548706054688, 597.9651489257812], "Font": {"alt_family_name": "Arial", "embedded": false, "encoding": "WinAnsiEncoding", "family_name": "Arial", "font_type": "TrueType", "italic": false, "monospaced": false, "name": "Arial", "subset": false, "weight": 400}, "HasClip": false, "Lang": "en", "ObjectID": 510, "Page": 3, "Path": "//Document/P[18]", "Text": "Subject to Federal laws and the laws of the States and Territories of Australia, VSB 14 defines standards of practice for the design and manufacture of ICVs and the modification of production vehicles. Other procedures may be acceptable subject to adequate technical justification. ", "TextSize": 11.029998779296875, "attributes": {"LineHeight": 12.625, "SpaceAfter": 12.125, "TextAlign": "Justify"}}, {"Bounds": [42.600006103515625, 508.08168029785156, 513.0592803955078, 547.9330749511719], "Font": {"alt_family_name": "Arial", "embedded": false, "encoding": "WinAnsiEncoding", "family_name": "Arial", "font_type": "TrueType", "italic": false, "monospaced": false, "name": "Arial", "subset": false, "weight": 400}, "HasClip": false, "Lang": "en", "ObjectID": 511, "Page": 3, "Path": "//Document/P[19]", "Text": "Nothing in VSB 14 is to be regarded as in any way limiting the powers and duties of the Minister, Chief Executive Officer or Road Transport Authority of the jurisdiction in question, or any agent or employee of that Officer, under the appropriate legislation of that jurisdiction. ", "TextSize": 11.029998779296875, "attributes": {"LineHeight": 12.625, "SpaceAfter": 12.125, "TextAlign": "Justify"}}, {"Bounds": [42.600006103515625, 470.76719665527344, 513.0471496582031, 498.02232360839844], "Font": {"alt_family_name": "Arial", "embedded": false, "encoding": "WinAnsiEncoding", "family_name": "Arial", "font_type": "TrueType", "italic": false, "monospaced": false, "name": "Arial", "subset": false, "weight": 400}, "HasClip": false, "Lang": "en", "ObjectID": 512, "Page": 3, "Path": "//Document/P[20]", "Text": "Where any ADR, any Rule of the AVSR or any Australian Standard is referred to in VSB 14, the appropriate ADR, Rule or Australian Standard should be read in full to avoid misinterpretation. ", "TextSize": 11.029998779296875, "attributes": {"LineHeight": 12.625, "SpaceAfter": 12.125}}, {"Bounds": [42.600006103515625, 433.45269775390625, 513.1541442871094, 460.70782470703125], "Font": {"alt_family_name": "Arial", "embedded": false, "encoding": "WinAnsiEncoding", "family_name": "Arial", "font_type": "TrueType", "italic": false, "monospaced": false, "name": "Arial", "subset": false, "weight": 400}, "HasClip": false, "Lang": "en", "ObjectID": 513, "Page": 3, "Path": "//Document/P[21]", "Text": "Each jurisdiction may have a different title for its adopted version of the AVSR and there may also be differences in rule or clause numbers. ", "TextSize": 11.029998779296875, "attributes": {"LineHeight": 12.625, "SpaceAfter": 11.875}}, {"Bounds": [42.600006103515625, 396.1382141113281, 513.0570678710938, 423.51466369628906], "Font": {"alt_family_name": "Arial", "embedded": false, "encoding": "WinAnsiEncoding", "family_name": "Arial", "font_type": "TrueType", "italic": false, "monospaced": false, "name": "Arial", "subset": false, "weight": 400}, "HasClip": false, "Lang": "en", "ObjectID": 514, "Page": 3, "Path": "//Document/P[22]", "Text": "Vehicle owners, registered operators, modifiers or builders must seek advice from the appropriate jurisdiction if in doubt about any of the above issues. ", "TextSize": 11.029998779296875, "attributes": {"LineHeight": 12.75, "SpaceAfter": 11}}, {"Bounds": [42.600006103515625, 369.7279968261719, 149.87159729003906, 386.4440002441406], "Font": {"alt_family_name": "Arial", "embedded": false, "encoding": "WinAnsiEncoding", "family_name": "Arial", "font_type": "TrueType", "italic": false, "monospaced": false, "name": "Arial,Bold", "subset": false, "weight": 700}, "HasClip": false, "Lang": "en", "ObjectID": 515, "Page": 3, "Path": "//Document/H1[6]", "Text": "ADMINISTRATION ", "TextSize": 12.0, "attributes": {"LineHeight": 14.375, "SpaceAfter": 12.375}}, {"Bounds": [42.600006103515625, 282.48231506347656, 513.0658874511719, 360.3651428222656], "Font": {"alt_family_name": "Arial", "embedded": false, "encoding": "WinAnsiEncoding", "family_name": "Arial", "font_type": "TrueType", "italic": false, "monospaced": false, "name": "Arial", "subset": false, "weight": 400}, "HasClip": false, "Lang": "en", "ObjectID": 516, "Page": 3, "Path": "//Document/P[23]", "Text": "VSB 14 provides a set of uniform technical specifications for the construction of ICVs and the modification of production vehicles that can be used consistently across Australia. Individual jurisdictions have their own administrative procedures and requirements for the registration of new vehicles and for the approval of modifications. Owners and registered operators must familiarise themselves with the provisions of the jurisdiction in which the vehicle is to be registered and garaged. ", "TextSize": 11.029998779296875, "attributes": {"LineHeight": 12.625, "SpaceAfter": 12.125, "TextAlign": "Justify"}}, {"Bounds": [42.600006103515625, 207.25772094726562, 513.3151702880859, 272.42295837402344], "Font": {"alt_family_name": "Arial", "embedded": false, "encoding": "WinAnsiEncoding", "family_name": "Arial", "font_type": "TrueType", "italic": false, "monospaced": false, "name": "Arial", "subset": false, "weight": 400}, "HasClip": false, "Lang": "en", "ObjectID": 517, "Page": 3, "Path": "//Document/P[24]", "Text": "Most Registration Authorities operate schemes whereby suitably qualified and experienced persons, usually called signatories, are accredited to, or registered with them for the purposes of inspecting and certifying modified vehicles. Signatories can also provide guidance on registration and their advice should be sought on more complex modifications or when developing an ICV. ", "TextSize": 11.029998779296875, "attributes": {"LineHeight": 12.625, "SpaceAfter": 11.125, "TextAlign": "Justify"}}, {"Bounds": [42.600006103515625, 180.72799682617188, 197.3328857421875, 197.44400024414062], "Font": {"alt_family_name": "Arial", "embedded": false, "encoding": "WinAnsiEncoding", "family_name": "Arial", "font_type": "TrueType", "italic": false, "monospaced": false, "name": "Arial,Bold", "subset": false, "weight": 700}, "HasClip": false, "Lang": "en", "ObjectID": 518, "Page": 3, "Path": "//Document/H1[7]", "Text": "FUTURE DEVELOPMENTS ", "TextSize": 12.0, "attributes": {"LineHeight": 14.375, "SpaceAfter": 12.25}}, {"Bounds": [42.600006103515625, 131.39242553710938, 513.3394317626953, 171.36514282226562], "Font": {"alt_family_name": "Arial", "embedded": false, "encoding": "WinAnsiEncoding", "family_name": "Arial", "font_type": "TrueType", "italic": false, "monospaced": false, "name": "Arial", "subset": false, "weight": 400}, "HasClip": false, "Lang": "en", "ObjectID": 519, "Page": 3, "Path": "//Document/P[25]", "Text": "This document needs to be recognised as being a live document and hence will need to be revised from time to time to include future developments arising from regulatory changes, improvements in technology and the development of alternative designs. ", "TextSize": 11.029998779296875, "attributes": {"LineHeight": 12.625, "SpaceAfter": 11.375, "TextAlign": "Justify"}}, {"Bounds": [42.61102294921875, 106.7955322265625, 369.00196838378906, 121.45440673828125], "Font": {"alt_family_name": "Arial", "embedded": false, "encoding": "WinAnsiEncoding", "family_name": "Arial", "font_type": "TrueType", "italic": false, "monospaced": false, "name": "Arial", "subset": false, "weight": 400}, "HasClip": false, "Lang": "en", "ObjectID": 520, "Page": 3, "Path": "//Document/P[26]", "Text": "The document may also be revised to improve its editorial content. ", "TextSize": 11.029998779296875, "attributes": {"LineHeight": 13.25, "SpaceAfter": 18}}, {"Bounds": [85.08000183105469, 758.6479949951172, 205.85289001464844, 775.3639984130859], "Font": {"alt_family_name": "Arial", "embedded": false, "encoding": "WinAnsiEncoding", "family_name": "Arial", "font_type": "TrueType", "italic": false, "monospaced": false, "name": "Arial,Bold", "subset": false, "weight": 700}, "HasClip": false, "Lang": "en", "ObjectID": 521, "Page": 4, "Path": "//Document/H1[8]", "Text": "FUTURE REVISIONS ", "TextSize": 12.0, "attributes": {"LineHeight": 14.375, "SpaceAfter": 12.375}}, {"Bounds": [85.08000183105469, 709.4337615966797, 555.5403747558594, 749.28515625], "Font": {"alt_family_name": "Arial", "embedded": false, "encoding": "WinAnsiEncoding", "family_name": "Arial", "font_type": "TrueType", "italic": false, "monospaced": false, "name": "Arial", "subset": false, "weight": 400}, "HasClip": false, "Lang": "en", "ObjectID": 522, "Page": 4, "Path": "//Document/P[27]", "Text": "Future revisions are the responsibility of the Australian Motor Vehicle Certification Board Working Party (the Working Party). Revisions, other than those of a legal or editorial nature, will be processed in consultation with relevant user groups. ", "TextSize": 11.029998779296875, "attributes": {"LineHeight": 12.625, "SpaceAfter": 18, "TextAlign": "Justify"}}, {"Bounds": [85.08000183105469, 646.805419921875, 555.6429595947266, 699.3744049072266], "Font": {"alt_family_name": "Arial", "embedded": false, "encoding": "WinAnsiEncoding", "family_name": "Arial", "font_type": "TrueType", "italic": false, "monospaced": false, "name": "Arial", "subset": false, "weight": 400}, "HasClip": false, "Lang": "en", "ObjectID": 523, "Page": 4, "Path": "//Document/P[28]", "Text": "The Working Party may consider applications from individuals concerning recommended revisions to VSB 14. However, it is preferable that these are submitted after consideration by the appropriate user groups. In any event, the Working Party will consult widely before making a final decision on any proposed amendments to VSB 14. ", "TextSize": 11.029998779296875, "attributes": {"LineHeight": 12.625, "SpaceAfter": 11, "TextAlign": "Justify"}}, {"Bounds": [85.08000183105469, 620.4080047607422, 263.19960021972656, 637.1239929199219], "Font": {"alt_family_name": "Arial", "embedded": false, "encoding": "WinAnsiEncoding", "family_name": "Arial", "font_type": "TrueType", "italic": false, "monospaced": false, "name": "Arial,Bold", "subset": false, "weight": 700}, "HasClip": false, "Lang": "en", "ObjectID": 524, "Page": 4, "Path": "//Document/H1[9]", "Text": "NOTICE TO USERS OF VSB 14 ", "TextSize": 12.0, "attributes": {"LineHeight": 14.375, "SpaceAfter": 12.375}}, {"Bounds": [85.08000183105469, 533.1623229980469, 555.5381774902344, 611.0451507568359], "Font": {"alt_family_name": "Arial", "embedded": false, "encoding": "WinAnsiEncoding", "family_name": "Arial", "font_type": "TrueType", "italic": false, "monospaced": false, "name": "Arial", "subset": false, "weight": 400}, "HasClip": false, "Lang": "en", "ObjectID": 525, "Page": 4, "Path": "//Document/P[29]", "Text": "Vehicle owners, registered operators, builders and modifiers of vehicles need to be aware that compliance with this VSB 14 does not guarantee that a vehicle will be acceptable for registration in the case of an ICV, or for continued registration in the case of a modified registered production vehicle. If, for example, an ICV does not handle or brake satisfactorily or has any other feature that renders the vehicle unsafe or not roadworthy, it will not be accepted for registration. ", "TextSize": 11.029998779296875, "attributes": {"LineHeight": 12.625, "SpaceAfter": 12.125, "TextAlign": "Justify"}}, {"Bounds": [85.08000183105469, 445.2201232910156, 555.5469970703125, 523.1029663085938], "Font": {"alt_family_name": "Arial", "embedded": false, "encoding": "WinAnsiEncoding", "family_name": "Arial", "font_type": "TrueType", "italic": false, "monospaced": false, "name": "Arial", "subset": false, "weight": 400}, "HasClip": false, "Lang": "en", "ObjectID": 526, "Page": 4, "Path": "//Document/P[30]", "Text": "Builders and owners need to keep abreast of changes to legislation and vehicle registration policy in their jurisdiction, particularly in cases where a project is expected to take some years to complete. Changes to legislation before a vehicle is completed may mean that certain vehicles cannot be registered without appropriate modifications. Similarly, regulations pertaining to vehicle modifications, vehicle standards or registration policy may change causing certain vehicle modifications to become unacceptable in the future. ", "TextSize": 11.029998779296875, "attributes": {"LineHeight": 12.625, "SpaceAfter": 11, "TextAlign": "Justify"}}, {"Bounds": [85.08000183105469, 418.80799865722656, 241.12808227539062, 435.5240020751953], "Font": {"alt_family_name": "Arial", "embedded": false, "encoding": "WinAnsiEncoding", "family_name": "Arial", "font_type": "TrueType", "italic": false, "monospaced": false, "name": "Arial,Bold", "subset": false, "weight": 700}, "HasClip": false, "Lang": "en", "ObjectID": 527, "Page": 4, "Path": "//Document/H1[10]", "Text": "SECTION LZ APPENDICES ", "TextSize": 12.0, "attributes": {"LineHeight": 14.375, "SpaceAfter": 11.75}}, {"Bounds": [85.08000183105469, 394.7862854003906, 519.2009429931641, 409.4451446533203], "Font": {"alt_family_name": "Arial", "embedded": false, "encoding": "WinAnsiEncoding", "family_name": "Arial", "font_type": "TrueType", "italic": false, "monospaced": false, "name": "Arial", "subset": false, "weight": 400}, "HasClip": false, "Lang": "en", "ObjectID": 528, "Page": 4, "Path": "//Document/P[31]", "Text": "A new Section titled Section LZ Appendices has been included in Version 2.0 of VSB 14. ", "TextSize": 11.029998779296875, "attributes": {"LineHeight": 13.25, "SpaceAfter": 12}}, {"Bounds": [85.08000183105469, 344.7541961669922, 555.5458984375, 384.72691345214844], "Font": {"alt_family_name": "Arial", "embedded": false, "encoding": "WinAnsiEncoding", "family_name": "Arial", "font_type": "TrueType", "italic": false, "monospaced": false, "name": "Arial", "subset": false, "weight": 400}, "HasClip": false, "Lang": "en", "ObjectID": 529, "Page": 4, "Path": "//Document/P[32]", "Text": "This Section provides information that is applicable to all Sections and the individual certification codes within each Section. Having this information in one place reduces repetition, improves consistency and aids in keeping Section sizes smaller. ", "TextSize": 11.029998779296875, "attributes": {"LineHeight": 12.625, "SpaceAfter": 18, "TextAlign": "Justify"}}, {"Bounds": [42.600006103515625, 752.6479949951172, 244.07630920410156, 769.3639984130859], "Font": {"alt_family_name": "Arial", "embedded": false, "encoding": "WinAnsiEncoding", "family_name": "Arial", "font_type": "TrueType", "italic": false, "monospaced": false, "name": "Arial,Bold", "subset": false, "weight": 700}, "HasClip": false, "Lang": "en", "ObjectID": 530, "Page": 5, "Path": "//Document/H1[11]", "Text": "ACKNOWLEDGMENT (VERSION 2) ", "TextSize": 12.0, "attributes": {"LineHeight": 14.375, "SpaceAfter": 12.375}}, {"Bounds": [42.600006103515625, 703.4337615966797, 513.000732421875, 743.28515625], "Font": {"alt_family_name": "Arial", "embedded": false, "encoding": "WinAnsiEncoding", "family_name": "Arial", "font_type": "TrueType", "italic": false, "monospaced": false, "name": "Arial", "subset": false, "weight": 400}, "HasClip": false, "Lang": "en", "ObjectID": 531, "Page": 5, "Path": "//Document/P[33]", "Text": "The second version of VSB 14 was prepared and developed in consultation with a large number of individuals, industry groups, user groups and government agencies with an interest in light vehicle construction and modification. ", "TextSize": 11.029998779296875, "attributes": {"LineHeight": 12.625, "SpaceAfter": 12.125, "TextAlign": "Justify"}}, {"Bounds": [78.60191345214844, 640.805419921875, 513.1453094482422, 693.3744049072266], "Font": {"alt_family_name": "Arial", "embedded": false, "encoding": "WinAnsiEncoding", "family_name": "Arial", "font_type": "TrueType", "italic": false, "monospaced": false, "name": "Arial", "subset": false, "weight": 400}, "HasClip": false, "Lang": "en", "ObjectID": 532, "Page": 5, "Path": "//Document/P[34]", "Text": "Members of the Australian Motor Vehicle Certification Board Working Party wish to thank all the organisations, user groups and individuals across Australia who assisted in the review of VSB 14. The assistance offered in accomplishing this task has been greatly appreciated. ", "TextSize": 11.029998779296875, "attributes": {"LineHeight": 12.625, "SpaceAfter": 18, "TextAlign": "Justify"}}, {"Bounds": [42.600006103515625, 591.4902954101562, 425.6983642578125, 606.1491546630859], "Font": {"alt_family_name": "Arial", "embedded": false, "encoding": "WinAnsiEncoding", "family_name": "Arial", "font_type": "TrueType", "italic": false, "monospaced": false, "name": "Arial", "subset": false, "weight": 400}, "HasClip": false, "Lang": "en", "ObjectID": 533, "Page": 5, "Path": "//Document/P[35]", "Text": "Members of the AMVCB WP also wish to acknowledge the key role played by: ", "TextSize": 11.029998779296875, "attributes": {"LineHeight": 13.25, "SpaceAfter": 11.375}}, {"Bounds": [42.600006103515625, 566.8933868408203, 330.1421661376953, 581.5522613525391], "Font": {"alt_family_name": "Arial", "embedded": false, "encoding": "WinAnsiEncoding", "family_name": "Arial", "font_type": "TrueType", "italic": false, "monospaced": false, "name": "Arial", "subset": false, "weight": 400}, "HasClip": false, "Lang": "en", "ObjectID": 534, "Page": 5, "Path": "//Document/P[36]", "Text": "Project Consultant John Dombrose, JD PERTH. ", "TextSize": 11.029998779296875, "attributes": {"LineHeight": 13.25}}, {"Bounds": [42.600006103515625, 517.5782623291016, 349.9222717285156, 532.2371368408203], "Font": {"alt_family_name": "Arial", "embedded": false, "encoding": "WinAnsiEncoding", "family_name": "Arial", "font_type": "TrueType", "italic": false, "monospaced": false, "name": "Arial", "subset": false, "weight": 400}, "HasClip": false, "Lang": "en", "ObjectID": 535, "Page": 5, "Path": "//Document/P[37]", "Text": "Members of the AMVCB WP during the final approval process: ", "TextSize": 11.029998779296875, "attributes": {"LineHeight": 13.25, "SpaceAfter": 17}}, {"Bounds": [66.47994995117188, 244.24383544921875, 300.5519104003906, 508.59983825683594], "ObjectID": 536, "Page": 5, "Path": "//Document/Table", "attributes": {"BBox": [66.23729999999705, 244.18399999999383, 297.4679999999935, 506.37399999999616], "NumCol": 2, "NumRow": 12, "Placement": "Block", "SpaceAfter": 18}}, {"Bounds": [66.47994995117188, 493.9409637451172, 134.41041564941406, 508.59983825683594], "ObjectID": 712, "Page": 5, "Path": "//Document/Table/TR/TD", "attributes": {"BBox": [66.23729999999705, 489.0939999999973, 188.03199999999924, 506.37399999999616], "BlockAlign": "Before", "ColIndex": 0, "Height": 17.25, "InlineAlign": "Start", "RowIndex": 0, "Width": 121.75}}, {"Bounds": [66.47994995117188, 493.9409637451172, 134.41041564941406, 508.59983825683594], "Font": {"alt_family_name": "Arial", "embedded": false, "encoding": "WinAnsiEncoding", "family_name": "Arial", "font_type": "TrueType", "italic": false, "monospaced": false, "name": "Arial", "subset": false, "weight": 400}, "HasClip": false, "Lang": "en", "ObjectID": 717, "Page": 5, "Path": "//Document/Table/TR/TD/P", "Text": "Barry Hendry ", "TextSize": 11.029998779296875, "attributes": {"LineHeight": 13.25}}, {"Bounds": [224.74942016601562, 493.9409637451172, 300.5519104003906, 508.59983825683594], "ObjectID": 713, "Page": 5, "Path": "//Document/Table/TR/TD[2]", "attributes": {"BBox": [188.03199999999924, 489.0939999999973, 297.4679999999935, 506.37399999999616], "BlockAlign": "Before", "ColIndex": 1, "Height": 17.25, "InlineAlign": "End", "RowIndex": 0, "Width": 109.375}}, {"Bounds": [224.74942016601562, 493.9409637451172, 300.5519104003906, 508.59983825683594], "Font": {"alt_family_name": "Arial", "embedded": false, "encoding": "WinAnsiEncoding", "family_name": "Arial", "font_type": "TrueType", "italic": false, "monospaced": false, "name": "Arial", "subset": false, "weight": 400}, "HasClip": false, "Lang": "en", "ObjectID": 714, "Page": 5, "Path": "//Document/Table/TR/TD[2]/P", "Text": "VicRoads (Vic) ", "TextSize": 11.029998779296875, "attributes": {"LineHeight": 13.25}}, {"Bounds": [66.47994995117188, 471.14195251464844, 122.06343078613281, 485.8008270263672], "ObjectID": 704, "Page": 5, "Path": "//Document/Table/TR[2]/TD", "attributes": {"BBox": [66.23729999999705, 466.7749999999942, 188.03199999999924, 489.0939999999973], "BlockAlign": "Middle", "ColIndex": 0, "Height": 22.375, "InlineAlign": "Start", "RowIndex": 1, "Width": 121.75}}, {"Bounds": [66.47994995117188, 471.14195251464844, 122.06343078613281, 485.8008270263672], "Font": {"alt_family_name": "Arial", "embedded": false, "encoding": "WinAnsiEncoding", "family_name": "Arial", "font_type": "TrueType", "italic": false, "monospaced": false, "name": "Arial", "subset": false, "weight": 400}, "HasClip": false, "Lang": "en", "ObjectID": 709, "Page": 5, "Path": "//Document/Table/TR[2]/TD/P", "Text": "Dan Leavy ", "TextSize": 11.029998779296875, "attributes": {"LineHeight": 13.25}}, {"Bounds": [224.74942016601562, 471.14195251464844, 286.0430450439453, 485.8008270263672], "ObjectID": 705, "Page": 5, "Path": "//Document/Table/TR[2]/TD[2]", "attributes": {"BBox": [188.03199999999924, 466.7749999999942, 297.4679999999935, 489.0939999999973], "BlockAlign": "Middle", "ColIndex": 1, "Height": 22.375, "InlineAlign": "End", "RowIndex": 1, "Width": 109.375}}, {"Bounds": [224.74942016601562, 471.14195251464844, 286.0430450439453, 485.8008270263672], "Font": {"alt_family_name": "Arial", "embedded": false, "encoding": "WinAnsiEncoding", "family_name": "Arial", "font_type": "TrueType", "italic": false, "monospaced": false, "name": "Arial", "subset": false, "weight": 400}, "HasClip": false, "Lang": "en", "ObjectID": 706, "Page": 5, "Path": "//Document/Table/TR[2]/TD[2]/P", "Text": "RTA (NSW) ", "TextSize": 11.029998779296875, "attributes": {"LineHeight": 13.25}}, {"Bounds": [66.47994995117188, 448.4642791748047, 145.3223876953125, 463.12315368652344], "ObjectID": 696, "Page": 5, "Path": "//Document/Table/TR[3]/TD", "attributes": {"BBox": [66.23729999999705, 443.7359999999899, 188.03199999999924, 466.7749999999942], "BlockAlign": "Middle", "ColIndex": 0, "Height": 23, "InlineAlign": "Start", "RowIndex": 2, "Width": 121.75}}, {"Bounds": [66.47994995117188, 448.4642791748047, 145.3223876953125, 463.12315368652344], "Font": {"alt_family_name": "Arial", "embedded": false, "encoding": "WinAnsiEncoding", "family_name": "Arial", "font_type": "TrueType", "italic": false, "monospaced": false, "name": "Arial", "subset": false, "weight": 400}, "HasClip": false, "Lang": "en", "ObjectID": 701, "Page": 5, "Path": "//Document/Table/TR[3]/TD/P", "Text": "Harry Vertsonis ", "TextSize": 11.029998779296875, "attributes": {"LineHeight": 13.25}}, {"Bounds": [224.74942016601562, 448.4642791748047, 286.0430450439453, 463.12315368652344], "ObjectID": 697, "Page": 5, "Path": "//Document/Table/TR[3]/TD[2]", "attributes": {"BBox": [188.03199999999924, 443.7359999999899, 297.4679999999935, 466.7749999999942], "BlockAlign": "Middle", "ColIndex": 1, "Height": 23, "InlineAlign": "End", "RowIndex": 2, "Width": 109.375}}, {"Bounds": [224.74942016601562, 448.4642791748047, 286.0430450439453, 463.12315368652344], "Font": {"alt_family_name": "Arial", "embedded": false, "encoding": "WinAnsiEncoding", "family_name": "Arial", "font_type": "TrueType", "italic": false, "monospaced": false, "name": "Arial", "subset": false, "weight": 400}, "HasClip": false, "Lang": "en", "ObjectID": 698, "Page": 5, "Path": "//Document/Table/TR[3]/TD[2]/P", "Text": "RTA (NSW) ", "TextSize": 11.029998779296875, "attributes": {"LineHeight": 13.25}}, {"Bounds": [66.47994995117188, 425.78660583496094, 131.97158813476562, 440.4454650878906], "ObjectID": 688, "Page": 5, "Path": "//Document/Table/TR[4]/TD", "attributes": {"BBox": [66.23729999999705, 420.5769999999902, 188.03199999999924, 443.7359999999899], "BlockAlign": "Middle", "ColIndex": 0, "Height": 23.125, "InlineAlign": "Start", "RowIndex": 3, "Width": 121.75}}, {"Bounds": [66.47994995117188, 425.78660583496094, 131.97158813476562, 440.4454650878906], "Font": {"alt_family_name": "Arial", "embedded": false, "encoding": "WinAnsiEncoding", "family_name": "Arial", "font_type": "TrueType", "italic": false, "monospaced": false, "name": "Arial", "subset": false, "weight": 400}, "HasClip": false, "Lang": "en", "ObjectID": 693, "Page": 5, "Path": "//Document/Table/TR[4]/TD/P", "Text": "Peter Hunter ", "TextSize": 11.029998779296875, "attributes": {"LineHeight": 13.25}}, {"Bounds": [224.74942016601562, 425.78660583496094, 290.8388977050781, 440.4454650878906], "ObjectID": 689, "Page": 5, "Path": "//Document/Table/TR[4]/TD[2]", "attributes": {"BBox": [188.03199999999924, 420.5769999999902, 297.4679999999935, 443.7359999999899], "BlockAlign": "Middle", "ColIndex": 1, "Height": 23.125, "InlineAlign": "End", "RowIndex": 3, "Width": 109.375}}, {"Bounds": [224.74942016601562, 425.78660583496094, 290.8388977050781, 440.4454650878906], "Font": {"alt_family_name": "Arial", "embedded": false, "encoding": "WinAnsiEncoding", "family_name": "Arial", "font_type": "TrueType", "italic": false, "monospaced": false, "name": "Arial", "subset": false, "weight": 400}, "HasClip": false, "Lang": "en", "ObjectID": 690, "Page": 5, "Path": "//Document/Table/TR[4]/TD[2]/P", "Text": "TAMS (ACT) ", "TextSize": 11.029998779296875, "attributes": {"LineHeight": 13.25}}, {"Bounds": [66.47994995117188, 403.1089172363281, 143.54324340820312, 417.7677917480469], "ObjectID": 680, "Page": 5, "Path": "//Document/Table/TR[5]/TD", "attributes": {"BBox": [66.23729999999705, 398.2579999999871, 188.03199999999924, 420.5769999999902], "BlockAlign": "Middle", "ColIndex": 0, "Height": 22.375, "InlineAlign": "Start", "RowIndex": 4, "Width": 121.75}}, {"Bounds": [66.47994995117188, 403.1089172363281, 143.54324340820312, 417.7677917480469], "Font": {"alt_family_name": "Arial", "embedded": false, "encoding": "WinAnsiEncoding", "family_name": "Arial", "font_type": "TrueType", "italic": false, "monospaced": false, "name": "Arial", "subset": false, "weight": 400}, "HasClip": false, "Lang": "en", "ObjectID": 685, "Page": 5, "Path": "//Document/Table/TR[5]/TD/P", "Text": "Rickman Smith ", "TextSize": 11.029998779296875, "attributes": {"LineHeight": 13.25}}, {"Bounds": [224.74942016601562, 403.1089172363281, 278.0087890625, 417.7677917480469], "ObjectID": 681, "Page": 5, "Path": "//Document/Table/TR[5]/TD[2]", "attributes": {"BBox": [188.03199999999924, 398.2579999999871, 297.4679999999935, 420.5769999999902], "BlockAlign": "Middle", "ColIndex": 1, "Height": 22.375, "InlineAlign": "End", "RowIndex": 4, "Width": 109.375}}, {"Bounds": [224.74942016601562, 403.1089172363281, 278.0087890625, 417.7677917480469], "Font": {"alt_family_name": "Arial", "embedded": false, "encoding": "WinAnsiEncoding", "family_name": "Arial", "font_type": "TrueType", "italic": false, "monospaced": false, "name": "Arial", "subset": false, "weight": 400}, "HasClip": false, "Lang": "en", "ObjectID": 682, "Page": 5, "Path": "//Document/Table/TR[5]/TD[2]/P", "Text": "DTEI (SA) ", "TextSize": 11.029998779296875, "attributes": {"LineHeight": 13.25}}, {"Bounds": [66.47994995117188, 380.4312438964844, 153.31353759765625, 395.09010314941406], "ObjectID": 672, "Page": 5, "Path": "//Document/Table/TR[6]/TD", "attributes": {"BBox": [66.23729999999705, 375.9389999999985, 188.03199999999924, 398.2579999999871], "BlockAlign": "Middle", "ColIndex": 0, "Height": 22.375, "InlineAlign": "Start", "RowIndex": 5, "Width": 121.75}}, {"Bounds": [66.47994995117188, 380.4312438964844, 153.31353759765625, 395.09010314941406], "Font": {"alt_family_name": "Arial", "embedded": false, "encoding": "WinAnsiEncoding", "family_name": "Arial", "font_type": "TrueType", "italic": false, "monospaced": false, "name": "Arial", "subset": false, "weight": 400}, "HasClip": false, "Lang": "en", "ObjectID": 677, "Page": 5, "Path": "//Document/Table/TR[6]/TD/P", "Text": "Alan Everingham ", "TextSize": 11.029998779296875, "attributes": {"LineHeight": 13.25}}, {"Bounds": [224.74942016601562, 380.4312438964844, 290.12083435058594, 395.09010314941406], "ObjectID": 673, "Page": 5, "Path": "//Document/Table/TR[6]/TD[2]", "attributes": {"BBox": [188.03199999999924, 375.9389999999985, 297.4679999999935, 398.2579999999871], "BlockAlign": "Middle", "ColIndex": 1, "Height": 22.375, "InlineAlign": "End", "RowIndex": 5, "Width": 109.375}}, {"Bounds": [224.74942016601562, 380.4312438964844, 290.12083435058594, 395.09010314941406], "Font": {"alt_family_name": "Arial", "embedded": false, "encoding": "WinAnsiEncoding", "family_name": "Arial", "font_type": "TrueType", "italic": false, "monospaced": false, "name": "Arial", "subset": false, "weight": 400}, "HasClip": false, "Lang": "en", "ObjectID": 674, "Page": 5, "Path": "//Document/Table/TR[6]/TD[2]/P", "Text": "DTMR (Qld) ", "TextSize": 11.029998779296875, "attributes": {"LineHeight": 13.25}}, {"Bounds": [66.47994995117188, 357.75355529785156, 135.49356079101562, 372.4124298095703], "ObjectID": 664, "Page": 5, "Path": "//Document/Table/TR[7]/TD", "attributes": {"BBox": [66.23729999999705, 352.8999999999942, 188.03199999999924, 375.9389999999985], "BlockAlign": "Middle", "ColIndex": 0, "Height": 23, "InlineAlign": "Start", "RowIndex": 6, "Width": 121.75}}, {"Bounds": [66.47994995117188, 357.75355529785156, 135.49356079101562, 372.4124298095703], "Font": {"alt_family_name": "Arial", "embedded": false, "encoding": "WinAnsiEncoding", "family_name": "Arial", "font_type": "TrueType", "italic": false, "monospaced": false, "name": "Arial", "subset": false, "weight": 400}, "HasClip": false, "Lang": "en", "ObjectID": 669, "Page": 5, "Path": "//Document/Table/TR[7]/TD/P", "Text": "Michael Ross ", "TextSize": 11.029998779296875, "attributes": {"LineHeight": 13.25}}, {"Bounds": [224.74942016601562, 357.75355529785156, 290.12083435058594, 372.4124298095703], "ObjectID": 665, "Page": 5, "Path": "//Document/Table/TR[7]/TD[2]", "attributes": {"BBox": [188.03199999999924, 352.8999999999942, 297.4679999999935, 375.9389999999985], "BlockAlign": "Middle", "ColIndex": 1, "Height": 23, "InlineAlign": "End", "RowIndex": 6, "Width": 109.375}}, {"Bounds": [224.74942016601562, 357.75355529785156, 290.12083435058594, 372.4124298095703], "Font": {"alt_family_name": "Arial", "embedded": false, "encoding": "WinAnsiEncoding", "family_name": "Arial", "font_type": "TrueType", "italic": false, "monospaced": false, "name": "Arial", "subset": false, "weight": 400}, "HasClip": false, "Lang": "en", "ObjectID": 666, "Page": 5, "Path": "//Document/Table/TR[7]/TD[2]/P", "Text": "DTMR (Qld) ", "TextSize": 11.029998779296875, "attributes": {"LineHeight": 13.25}}, {"Bounds": [66.47994995117188, 334.9545440673828, 150.95872497558594, 349.61341857910156], "ObjectID": 656, "Page": 5, "Path": "//Document/Table/TR[8]/TD", "attributes": {"BBox": [66.23729999999705, 329.8609999999899, 188.03199999999924, 352.8999999999942], "BlockAlign": "Middle", "ColIndex": 0, "Height": 23, "InlineAlign": "Start", "RowIndex": 7, "Width": 121.75}}, {"Bounds": [66.47994995117188, 334.9545440673828, 150.95872497558594, 349.61341857910156], "Font": {"alt_family_name": "Arial", "embedded": false, "encoding": "WinAnsiEncoding", "family_name": "Arial", "font_type": "TrueType", "italic": false, "monospaced": false, "name": "Arial", "subset": false, "weight": 400}, "HasClip": false, "Lang": "en", "ObjectID": 661, "Page": 5, "Path": "//Document/Table/TR[8]/TD/P", "Text": "Simon Saunders ", "TextSize": 11.029998779296875, "attributes": {"LineHeight": 13.25}}, {"Bounds": [224.74942016601562, 334.9545440673828, 271.2948303222656, 349.61341857910156], "ObjectID": 657, "Page": 5, "Path": "//Document/Table/TR[8]/TD[2]", "attributes": {"BBox": [188.03199999999924, 329.8609999999899, 297.4679999999935, 352.8999999999942], "BlockAlign": "Middle", "ColIndex": 1, "Height": 23, "InlineAlign": "End", "RowIndex": 7, "Width": 109.375}}, {"Bounds": [224.74942016601562, 334.9545440673828, 271.2948303222656, 349.61341857910156], "Font": {"alt_family_name": "Arial", "embedded": false, "encoding": "WinAnsiEncoding", "family_name": "Arial", "font_type": "TrueType", "italic": false, "monospaced": false, "name": "Arial", "subset": false, "weight": 400}, "HasClip": false, "Lang": "en", "ObjectID": 658, "Page": 5, "Path": "//Document/Table/TR[8]/TD[2]/P", "Text": "DPI (NT) ", "TextSize": 11.029998779296875, "attributes": {"LineHeight": 13.25}}, {"Bounds": [66.47994995117188, 312.27687072753906, 132.99415588378906, 326.9357452392578], "ObjectID": 648, "Page": 5, "Path": "//Document/Table/TR[9]/TD", "attributes": {"BBox": [66.23729999999705, 307.54199999998673, 188.03199999999924, 329.8609999999899], "BlockAlign": "Middle", "ColIndex": 0, "Height": 22.375, "InlineAlign": "Start", "RowIndex": 8, "Width": 121.75}}, {"Bounds": [66.47994995117188, 312.27687072753906, 132.99415588378906, 326.9357452392578], "Font": {"alt_family_name": "Arial", "embedded": false, "encoding": "WinAnsiEncoding", "family_name": "Arial", "font_type": "TrueType", "italic": false, "monospaced": false, "name": "Arial", "subset": false, "weight": 400}, "HasClip": false, "Lang": "en", "ObjectID": 653, "Page": 5, "Path": "//Document/Table/TR[9]/TD/P", "Text": "Bill Muirhead ", "TextSize": 11.029998779296875, "attributes": {"LineHeight": 13.25}}, {"Bounds": [224.74942016601562, 312.27687072753906, 271.2948303222656, 326.9357452392578], "ObjectID": 649, "Page": 5, "Path": "//Document/Table/TR[9]/TD[2]", "attributes": {"BBox": [188.03199999999924, 307.54199999998673, 297.4679999999935, 329.8609999999899], "BlockAlign": "Middle", "ColIndex": 1, "Height": 22.375, "InlineAlign": "End", "RowIndex": 8, "Width": 109.375}}, {"Bounds": [224.74942016601562, 312.27687072753906, 271.2948303222656, 326.9357452392578], "Font": {"alt_family_name": "Arial", "embedded": false, "encoding": "WinAnsiEncoding", "family_name": "Arial", "font_type": "TrueType", "italic": false, "monospaced": false, "name": "Arial", "subset": false, "weight": 400}, "HasClip": false, "Lang": "en", "ObjectID": 650, "Page": 5, "Path": "//Document/Table/TR[9]/TD[2]/P", "Text": "DPI (NT) ", "TextSize": 11.029998779296875, "attributes": {"LineHeight": 13.25}}, {"Bounds": [66.47994995117188, 289.5991973876953, 126.5162353515625, 304.258056640625], "ObjectID": 640, "Page": 5, "Path": "//Document/Table/TR[10]/TD", "attributes": {"BBox": [66.23729999999705, 285.22299999999814, 188.03199999999924, 307.54199999998673], "BlockAlign": "Middle", "ColIndex": 0, "Height": 22.375, "InlineAlign": "Start", "RowIndex": 9, "Width": 121.75}}, {"Bounds": [66.47994995117188, 289.5991973876953, 126.5162353515625, 304.258056640625], "Font": {"alt_family_name": "Arial", "embedded": false, "encoding": "WinAnsiEncoding", "family_name": "Arial", "font_type": "TrueType", "italic": false, "monospaced": false, "name": "Arial", "subset": false, "weight": 400}, "HasClip": false, "Lang": "en", "ObjectID": 645, "Page": 5, "Path": "//Document/Table/TR[10]/TD/P", "Text": "Tony Beard ", "TextSize": 11.029998779296875, "attributes": {"LineHeight": 13.25}}, {"Bounds": [224.74942016601562, 289.5991973876953, 282.8068389892578, 304.258056640625], "ObjectID": 641, "Page": 5, "Path": "//Document/Table/TR[10]/TD[2]", "attributes": {"BBox": [188.03199999999924, 285.22299999999814, 297.4679999999935, 307.54199999998673], "BlockAlign": "Middle", "ColIndex": 1, "Height": 22.375, "InlineAlign": "End", "RowIndex": 9, "Width": 109.375}}, {"Bounds": [224.74942016601562, 289.5991973876953, 282.8068389892578, 304.258056640625], "Font": {"alt_family_name": "Arial", "embedded": false, "encoding": "WinAnsiEncoding", "family_name": "Arial", "font_type": "TrueType", "italic": false, "monospaced": false, "name": "Arial", "subset": false, "weight": 400}, "HasClip": false, "Lang": "en", "ObjectID": 642, "Page": 5, "Path": "//Document/Table/TR[10]/TD[2]/P", "Text": "DIER (Tas) ", "TextSize": 11.029998779296875, "attributes": {"LineHeight": 13.25}}, {"Bounds": [66.47994995117188, 266.9215087890625, 139.82723999023438, 281.58038330078125], "ObjectID": 632, "Page": 5, "Path": "//Document/Table/TR[11]/TD", "attributes": {"BBox": [66.23729999999705, 262.18399999999383, 188.03199999999924, 285.22299999999814], "BlockAlign": "Middle", "ColIndex": 0, "Height": 23, "InlineAlign": "Start", "RowIndex": 10, "Width": 121.75}}, {"Bounds": [66.47994995117188, 266.9215087890625, 139.82723999023438, 281.58038330078125], "Font": {"alt_family_name": "Arial", "embedded": false, "encoding": "WinAnsiEncoding", "family_name": "Arial", "font_type": "TrueType", "italic": false, "monospaced": false, "name": "Arial", "subset": false, "weight": 400}, "HasClip": false, "Lang": "en", "ObjectID": 637, "Page": 5, "Path": "//Document/Table/TR[11]/TD/P", "Text": "Rex Middleton ", "TextSize": 11.029998779296875, "attributes": {"LineHeight": 13.25}}, {"Bounds": [224.74942016601562, 266.9215087890625, 279.2088623046875, 281.58038330078125], "ObjectID": 633, "Page": 5, "Path": "//Document/Table/TR[11]/TD[2]", "attributes": {"BBox": [188.03199999999924, 262.18399999999383, 297.4679999999935, 285.22299999999814], "BlockAlign": "Middle", "ColIndex": 1, "Height": 23, "InlineAlign": "End", "RowIndex": 10, "Width": 109.375}}, {"Bounds": [224.74942016601562, 266.9215087890625, 279.2088623046875, 281.58038330078125], "Font": {"alt_family_name": "Arial", "embedded": false, "encoding": "WinAnsiEncoding", "family_name": "Arial", "font_type": "TrueType", "italic": false, "monospaced": false, "name": "Arial", "subset": false, "weight": 400}, "HasClip": false, "Lang": "en", "ObjectID": 634, "Page": 5, "Path": "//Document/Table/TR[11]/TD[2]/P", "Text": "DOT (WA) ", "TextSize": 11.029998779296875, "attributes": {"LineHeight": 13.25}}, {"Bounds": [66.47994995117188, 244.24383544921875, 144.02525329589844, 258.90269470214844], "ObjectID": 624, "Page": 5, "Path": "//Document/Table/TR[12]/TD", "attributes": {"BBox": [66.23729999999705, 244.18399999999383, 188.03199999999924, 262.18399999999383], "BlockAlign": "Middle", "ColIndex": 0, "Height": 18, "InlineAlign": "Start", "RowIndex": 11, "Width": 121.75}}, {"Bounds": [66.47994995117188, 244.24383544921875, 144.02525329589844, 258.90269470214844], "Font": {"alt_family_name": "Arial", "embedded": false, "encoding": "WinAnsiEncoding", "family_name": "Arial", "font_type": "TrueType", "italic": false, "monospaced": false, "name": "Arial", "subset": false, "weight": 400}, "HasClip": false, "Lang": "en", "ObjectID": 629, "Page": 5, "Path": "//Document/Table/TR[12]/TD/P", "Text": "John Marcolina ", "TextSize": 11.029998779296875, "attributes": {"LineHeight": 13.25}}, {"Bounds": [224.74942016601562, 244.24383544921875, 279.2088623046875, 258.90269470214844], "ObjectID": 625, "Page": 5, "Path": "//Document/Table/TR[12]/TD[2]", "attributes": {"BBox": [188.03199999999924, 244.18399999999383, 297.4679999999935, 262.18399999999383], "BlockAlign": "Middle", "ColIndex": 1, "Height": 18, "InlineAlign": "End", "RowIndex": 11, "Width": 109.375}}, {"Bounds": [224.74942016601562, 244.24383544921875, 279.2088623046875, 258.90269470214844], "Font": {"alt_family_name": "Arial", "embedded": false, "encoding": "WinAnsiEncoding", "family_name": "Arial", "font_type": "TrueType", "italic": false, "monospaced": false, "name": "Arial", "subset": false, "weight": 400}, "HasClip": false, "Lang": "en", "ObjectID": 626, "Page": 5, "Path": "//Document/Table/TR[12]/TD[2]/P", "Text": "DOT (WA) ", "TextSize": 11.029998779296875, "attributes": {"LineHeight": 13.25}}, {"Bounds": [42.600006103515625, 183.29205322265625, 512.99853515625, 210.54718017578125], "Font": {"alt_family_name": "Arial", "embedded": false, "encoding": "WinAnsiEncoding", "family_name": "Arial", "font_type": "TrueType", "italic": false, "monospaced": false, "name": "Arial", "subset": false, "weight": 400}, "HasClip": false, "Lang": "en", "ObjectID": 537, "Page": 5, "Path": "//Document/P[38]", "Text": "Others assisting in the process included Dr Gray Scott (representing VicRoads), Rex Scholar (DIT), Barry Craig (RTA NSW), John Wilson (DIER (Tas)) and Wayne Lo (DPI NT). ", "TextSize": 11.029998779296875, "attributes": {"LineHeight": 12.625, "SpaceAfter": 18}}, {"Bounds": [85.08000183105469, 728.0480041503906, 309.1163024902344, 744.7640075683594], "Font": {"alt_family_name": "Arial", "embedded": false, "encoding": "WinAnsiEncoding", "family_name": "Arial", "font_type": "TrueType", "italic": false, "monospaced": false, "name": "Arial,Bold", "subset": false, "weight": 700}, "HasClip": false, "Lang": "en", "ObjectID": 368, "Page": 6, "Path": "//Document/H1[12]", "Text": "ACKNOWLEDGMENT (FIRST EDITION) ", "TextSize": 12.0, "attributes": {"LineHeight": 14.375, "SpaceAfter": 12.25}}, {"Bounds": [85.08000183105469, 678.7124328613281, 555.4708862304688, 718.6851501464844], "Font": {"alt_family_name": "Arial", "embedded": false, "encoding": "WinAnsiEncoding", "family_name": "Arial", "font_type": "TrueType", "italic": false, "monospaced": false, "name": "Arial", "subset": false, "weight": 400}, "HasClip": false, "Lang": "en", "ObjectID": 369, "Page": 6, "Path": "//Document/P[39]", "Text": "The first edition of VSB 14 was prepared and developed in consultation with a large number of individuals, industry groups, user groups and government agencies with an interest in light vehicle construction and modification. ", "TextSize": 11.029998779296875, "attributes": {"LineHeight": 12.625, "SpaceAfter": 12, "TextAlign": "Justify"}}, {"Bounds": [121.08192443847656, 616.2054138183594, 555.5745697021484, 668.6861572265625], "Font": {"alt_family_name": "Arial", "embedded": false, "encoding": "WinAnsiEncoding", "family_name": "Arial", "font_type": "TrueType", "italic": true, "monospaced": false, "name": "Arial,Italic", "subset": false, "weight": 400}, "HasClip": false, "Lang": "en", "ObjectID": 370, "Page": 6, "Path": "//Document/P[40]", "Text": "To this end, the members of the Australian Motor Vehicle Certification Board Working Party wish to thank all the organisations, user groups and individuals across Australia who assisted in the development of this National Code of Practice. The assistance offered in accomplishing this task has been greatly appreciated. ", "TextSize": 11.029998779296875, "attributes": {"LineHeight": 12.625, "SpaceAfter": 18, "TextAlign": "Justify"}}, {"Bounds": [85.08000183105469, 566.8902893066406, 468.1783752441406, 581.5491638183594], "Font": {"alt_family_name": "Arial", "embedded": false, "encoding": "WinAnsiEncoding", "family_name": "Arial", "font_type": "TrueType", "italic": false, "monospaced": false, "name": "Arial", "subset": false, "weight": 400}, "HasClip": false, "Lang": "en", "ObjectID": 371, "Page": 6, "Path": "//Document/P[41]", "Text": "Members of the AMVCB WP also wish to acknowledge the key role played by: ", "TextSize": 11.029998779296875, "attributes": {"LineHeight": 13.25, "SpaceAfter": 18}}, {"Bounds": [85.08000183105469, 492.97825622558594, 442.2920684814453, 556.8309326171875], "ObjectID": 538, "Page": 6, "Path": "//Document/Table[2]", "attributes": {"BBox": [84.9564999999966, 492.6939999999886, 439.4219999999914, 554.6119999999937], "NumCol": 2, "NumRow": 3, "Placement": "Block", "SpaceAfter": 18}}, {"Bounds": [85.08000183105469, 542.1720581054688, 178.02207946777344, 556.8309326171875], "ObjectID": 604, "Page": 6, "Path": "//Document/Table[2]/TR/TD", "attributes": {"BBox": [84.9564999999966, 536.6119999999937, 206.03199999999924, 554.6119999999937], "BlockAlign": "Before", "ColIndex": 0, "Height": 18, "InlineAlign": "Start", "RowIndex": 0, "Width": 121.125}}, {"Bounds": [85.08000183105469, 542.1720581054688, 178.02207946777344, 556.8309326171875], "Font": {"alt_family_name": "Arial", "embedded": false, "encoding": "WinAnsiEncoding", "family_name": "Arial", "font_type": "TrueType", "italic": false, "monospaced": false, "name": "Arial", "subset": false, "weight": 400}, "HasClip": false, "Lang": "en", "ObjectID": 372, "Page": 6, "Path": "//Document/Table[2]/TR/TD/P", "Text": "Project Consultant ", "TextSize": 11.029998779296875, "attributes": {"LineHeight": 13.25}}, {"Bounds": [228.9663543701172, 542.1720581054688, 442.2920684814453, 556.8309326171875], "ObjectID": 605, "Page": 6, "Path": "//Document/Table[2]/TR/TD[2]", "attributes": {"BBox": [206.03199999999924, 536.6119999999937, 439.4219999999914, 554.6119999999937], "BlockAlign": "Before", "ColIndex": 1, "Height": 18, "InlineAlign": "Start", "RowIndex": 0, "Width": 233.375}}, {"Bounds": [228.9663543701172, 542.1720581054688, 442.2920684814453, 556.8309326171875], "Font": {"alt_family_name": "Arial", "embedded": false, "encoding": "WinAnsiEncoding", "family_name": "Arial", "font_type": "TrueType", "italic": false, "monospaced": false, "name": "Arial", "subset": false, "weight": 400}, "HasClip": false, "Lang": "en", "ObjectID": 373, "Page": 6, "Path": "//Document/Table[2]/TR/TD[2]/P", "Text": "Mr Richard Larsen, Loadsafe Australia P/L. ", "TextSize": 11.029998779296875, "attributes": {"LineHeight": 13.25}}, {"Bounds": [85.08000183105469, 517.5751647949219, 186.58688354492188, 532.2340240478516], "ObjectID": 600, "Page": 6, "Path": "//Document/Table[2]/TR[2]/TD", "attributes": {"BBox": [84.9564999999966, 512.1329999999725, 206.03199999999924, 536.6119999999937], "BlockAlign": "Middle", "ColIndex": 0, "Height": 24.5, "InlineAlign": "Start", "RowIndex": 1, "Width": 121.125}}, {"Bounds": [85.08000183105469, 517.5751647949219, 186.58688354492188, 532.2340240478516], "Font": {"alt_family_name": "Arial", "embedded": false, "encoding": "WinAnsiEncoding", "family_name": "Arial", "font_type": "TrueType", "italic": false, "monospaced": false, "name": "Arial", "subset": false, "weight": 400}, "HasClip": false, "Lang": "en", "ObjectID": 374, "Page": 6, "Path": "//Document/Table[2]/TR[2]/TD/P", "Text": "Additional Diagrams ", "TextSize": 11.029998779296875, "attributes": {"LineHeight": 13.25}}, {"Bounds": [228.9663543701172, 517.5751647949219, 399.9677429199219, 532.2340240478516], "ObjectID": 601, "Page": 6, "Path": "//Document/Table[2]/TR[2]/TD[2]", "attributes": {"BBox": [206.03199999999924, 512.1329999999725, 439.4219999999914, 536.6119999999937], "BlockAlign": "Middle", "ColIndex": 1, "Height": 24.5, "InlineAlign": "Start", "RowIndex": 1, "Width": 233.375}}, {"Bounds": [228.9663543701172, 517.5751647949219, 399.9677429199219, 532.2340240478516], "Font": {"alt_family_name": "Arial", "embedded": false, "encoding": "WinAnsiEncoding", "family_name": "Arial", "font_type": "TrueType", "italic": false, "monospaced": false, "name": "Arial", "subset": false, "weight": 400}, "HasClip": false, "Lang": "en", "ObjectID": 375, "Page": 6, "Path": "//Document/Table[2]/TR[2]/TD[2]/P", "Text": "Mr Michael Winter, Wintercreative. ", "TextSize": 11.029998779296875, "attributes": {"LineHeight": 13.25}}, {"Bounds": [85.08000183105469, 492.97825622558594, 148.59735107421875, 507.6371307373047], "ObjectID": 596, "Page": 6, "Path": "//Document/Table[2]/TR[3]/TD", "attributes": {"BBox": [84.9564999999966, 492.6939999999886, 206.03199999999924, 512.1329999999725], "BlockAlign": "Middle", "ColIndex": 0, "Height": 19.5, "InlineAlign": "Start", "RowIndex": 2, "Width": 121.125}}, {"Bounds": [85.08000183105469, 492.97825622558594, 148.59735107421875, 507.6371307373047], "Font": {"alt_family_name": "Arial", "embedded": false, "encoding": "WinAnsiEncoding", "family_name": "Arial", "font_type": "TrueType", "italic": false, "monospaced": false, "name": "Arial", "subset": false, "weight": 400}, "HasClip": false, "Lang": "en", "ObjectID": 376, "Page": 6, "Path": "//Document/Table[2]/TR[3]/TD/P", "Text": "Final Editing ", "TextSize": 11.029998779296875, "attributes": {"LineHeight": 13.25}}, {"Bounds": [228.9663543701172, 492.97825622558594, 321.30841064453125, 507.6371307373047], "ObjectID": 597, "Page": 6, "Path": "//Document/Table[2]/TR[3]/TD[2]", "attributes": {"BBox": [206.03199999999924, 492.6939999999886, 439.4219999999914, 512.1329999999725], "BlockAlign": "Middle", "ColIndex": 1, "Height": 19.5, "InlineAlign": "Start", "RowIndex": 2, "Width": 233.375}}, {"Bounds": [228.9663543701172, 492.97825622558594, 321.30841064453125, 507.6371307373047], "Font": {"alt_family_name": "Arial", "embedded": false, "encoding": "WinAnsiEncoding", "family_name": "Arial", "font_type": "TrueType", "italic": false, "monospaced": false, "name": "Arial", "subset": false, "weight": 400}, "HasClip": false, "Lang": "en", "ObjectID": 377, "Page": 6, "Path": "//Document/Table[2]/TR[3]/TD[2]/P", "Text": "Ms Mong Lien Ha. ", "TextSize": 11.029998779296875, "attributes": {"LineHeight": 13.25}}, {"Bounds": [85.08000183105469, 468.26002502441406, 449.8365783691406, 482.9188995361328], "Font": {"alt_family_name": "Arial", "embedded": false, "encoding": "WinAnsiEncoding", "family_name": "Arial", "font_type": "TrueType", "italic": false, "monospaced": false, "name": "Arial", "subset": false, "weight": 400}, "HasClip": false, "Lang": "en", "ObjectID": 379, "Page": 6, "Path": "//Document/P[42]", "Text": "The project was managed by Mr John Dombrose on behalf of the AMVCB. ", "TextSize": 11.029998779296875, "attributes": {"LineHeight": 13.25, "SpaceAfter": 18}}, {"Bounds": [85.08000183105469, 418.9449005126953, 392.4022674560547, 433.60377502441406], "Font": {"alt_family_name": "Arial", "embedded": false, "encoding": "WinAnsiEncoding", "family_name": "Arial", "font_type": "TrueType", "italic": false, "monospaced": false, "name": "Arial", "subset": false, "weight": 400}, "HasClip": false, "Lang": "en", "ObjectID": 380, "Page": 6, "Path": "//Document/P[43]", "Text": "Members of the AMVCB WP during the final approval process: ", "TextSize": 11.029998779296875, "attributes": {"LineHeight": 13.25, "SpaceAfter": 18}}, {"Bounds": [130.2037353515625, 172.49058532714844, 445.51502990722656, 409.0068664550781], "ObjectID": 539, "Page": 6, "Path": "//Document/Table[3]", "attributes": {"BBox": [130.1949999999997, 172.18699999999808, 442.4219999999914, 406.41799999999057], "NumCol": 2, "NumRow": 10, "Placement": "Block", "SpaceAfter": 18}}, {"Bounds": [130.2037353515625, 394.34800720214844, 198.13418579101562, 409.0068664550781], "ObjectID": 586, "Page": 6, "Path": "//Document/Table[3]/TR/TD", "attributes": {"BBox": [130.1949999999997, 388.1779999999999, 249.9499999999971, 406.41799999999057], "BlockAlign": "Before", "ColIndex": 0, "Height": 18.25, "InlineAlign": "Start", "RowIndex": 0, "Width": 119.75}}, {"Bounds": [130.2037353515625, 394.34800720214844, 198.13418579101562, 409.0068664550781], "Font": {"alt_family_name": "Arial", "embedded": false, "encoding": "WinAnsiEncoding", "family_name": "Arial", "font_type": "TrueType", "italic": false, "monospaced": false, "name": "Arial", "subset": false, "weight": 400}, "HasClip": false, "Lang": "en", "ObjectID": 381, "Page": 6, "Path": "//Document/Table[3]/TR/TD/P", "Text": "Barry Hendry ", "TextSize": 11.029998779296875, "attributes": {"LineHeight": 13.25}}, {"Bounds": [288.47320556640625, 394.34800720214844, 445.51502990722656, 409.0068664550781], "ObjectID": 587, "Page": 6, "Path": "//Document/Table[3]/TR/TD[2]", "attributes": {"BBox": [249.9499999999971, 388.1779999999999, 442.4219999999914, 406.41799999999057], "BlockAlign": "Before", "ColIndex": 1, "Height": 18.25, "InlineAlign": "Start", "RowIndex": 0, "Width": 192.5}}, {"Bounds": [288.47320556640625, 394.34800720214844, 445.51502990722656, 409.0068664550781], "Font": {"alt_family_name": "Arial", "embedded": false, "encoding": "WinAnsiEncoding", "family_name": "Arial", "font_type": "TrueType", "italic": false, "monospaced": false, "name": "Arial", "subset": false, "weight": 400}, "HasClip": false, "Lang": "en", "ObjectID": 382, "Page": 6, "Path": "//Document/Table[3]/TR/TD[2]/P", "Text": "National Transport Commission ", "TextSize": 11.029998779296875, "attributes": {"LineHeight": 13.25}}, {"Bounds": [130.2037353515625, 369.62977600097656, 199.88575744628906, 384.28863525390625], "ObjectID": 582, "Page": 6, "Path": "//Document/Table[3]/TR[2]/TD", "attributes": {"BBox": [130.1949999999997, 363.69899999999325, 249.9499999999971, 388.1779999999999], "BlockAlign": "Middle", "ColIndex": 0, "Height": 24.5, "InlineAlign": "Start", "RowIndex": 1, "Width": 119.75}}, {"Bounds": [130.2037353515625, 369.62977600097656, 199.88575744628906, 384.28863525390625], "Font": {"alt_family_name": "Arial", "embedded": false, "encoding": "WinAnsiEncoding", "family_name": "Arial", "font_type": "TrueType", "italic": false, "monospaced": false, "name": "Arial", "subset": false, "weight": 400}, "HasClip": false, "Lang": "en", "ObjectID": 383, "Page": 6, "Path": "//Document/Table[3]/TR[2]/TD/P", "Text": "Dr Gray Scott ", "TextSize": 11.029998779296875, "attributes": {"LineHeight": 13.25}}, {"Bounds": [288.47320556640625, 369.62977600097656, 364.27569580078125, 384.28863525390625], "ObjectID": 583, "Page": 6, "Path": "//Document/Table[3]/TR[2]/TD[2]", "attributes": {"BBox": [249.9499999999971, 363.69899999999325, 442.4219999999914, 388.1779999999999], "BlockAlign": "Middle", "ColIndex": 1, "Height": 24.5, "InlineAlign": "Start", "RowIndex": 1, "Width": 192.5}}, {"Bounds": [288.47320556640625, 369.62977600097656, 364.27569580078125, 384.28863525390625], "Font": {"alt_family_name": "Arial", "embedded": false, "encoding": "WinAnsiEncoding", "family_name": "Arial", "font_type": "TrueType", "italic": false, "monospaced": false, "name": "Arial", "subset": false, "weight": 400}, "HasClip": false, "Lang": "en", "ObjectID": 384, "Page": 6, "Path": "//Document/Table[3]/TR[2]/TD[2]/P", "Text": "VicRoads (Vic) ", "TextSize": 11.029998779296875, "attributes": {"LineHeight": 13.25}}, {"Bounds": [130.2037353515625, 345.0328674316406, 209.04617309570312, 359.6917419433594], "ObjectID": 578, "Page": 6, "Path": "//Document/Table[3]/TR[3]/TD", "attributes": {"BBox": [130.1949999999997, 339.2199999999866, 249.9499999999971, 363.69899999999325], "BlockAlign": "Middle", "ColIndex": 0, "Height": 24.5, "InlineAlign": "Start", "RowIndex": 2, "Width": 119.75}}, {"Bounds": [130.2037353515625, 345.0328674316406, 209.04617309570312, 359.6917419433594], "Font": {"alt_family_name": "Arial", "embedded": false, "encoding": "WinAnsiEncoding", "family_name": "Arial", "font_type": "TrueType", "italic": false, "monospaced": false, "name": "Arial", "subset": false, "weight": 400}, "HasClip": false, "Lang": "en", "ObjectID": 385, "Page": 6, "Path": "//Document/Table[3]/TR[3]/TD/P", "Text": "Harry Vertsonis ", "TextSize": 11.029998779296875, "attributes": {"LineHeight": 13.25}}, {"Bounds": [288.47320556640625, 345.0328674316406, 349.76683044433594, 359.6917419433594], "ObjectID": 579, "Page": 6, "Path": "//Document/Table[3]/TR[3]/TD[2]", "attributes": {"BBox": [249.9499999999971, 339.2199999999866, 442.4219999999914, 363.69899999999325], "BlockAlign": "Middle", "ColIndex": 1, "Height": 24.5, "InlineAlign": "Start", "RowIndex": 2, "Width": 192.5}}, {"Bounds": [288.47320556640625, 345.0328674316406, 349.76683044433594, 359.6917419433594], "Font": {"alt_family_name": "Arial", "embedded": false, "encoding": "WinAnsiEncoding", "family_name": "Arial", "font_type": "TrueType", "italic": false, "monospaced": false, "name": "Arial", "subset": false, "weight": 400}, "HasClip": false, "Lang": "en", "ObjectID": 386, "Page": 6, "Path": "//Document/Table[3]/TR[3]/TD[2]/P", "Text": "RTA (NSW) ", "TextSize": 11.029998779296875, "attributes": {"LineHeight": 13.25}}, {"Bounds": [130.2037353515625, 320.43597412109375, 184.60699462890625, 335.09483337402344], "ObjectID": 574, "Page": 6, "Path": "//Document/Table[3]/TR[4]/TD", "attributes": {"BBox": [130.1949999999997, 315.4609999999957, 249.9499999999971, 339.2199999999866], "BlockAlign": "Middle", "ColIndex": 0, "Height": 23.75, "InlineAlign": "Start", "RowIndex": 3, "Width": 119.75}}, {"Bounds": [130.2037353515625, 320.43597412109375, 184.60699462890625, 335.09483337402344], "Font": {"alt_family_name": "Arial", "embedded": false, "encoding": "WinAnsiEncoding", "family_name": "Arial", "font_type": "TrueType", "italic": false, "monospaced": false, "name": "Arial", "subset": false, "weight": 400}, "HasClip": false, "Lang": "en", "ObjectID": 387, "Page": 6, "Path": "//Document/Table[3]/TR[4]/TD/P", "Text": "Rod Paule ", "TextSize": 11.029998779296875, "attributes": {"LineHeight": 13.25}}, {"Bounds": [288.47320556640625, 320.43597412109375, 347.1306610107422, 335.09483337402344], "ObjectID": 575, "Page": 6, "Path": "//Document/Table[3]/TR[4]/TD[2]", "attributes": {"BBox": [249.9499999999971, 315.4609999999957, 442.4219999999914, 339.2199999999866], "BlockAlign": "Middle", "ColIndex": 1, "Height": 23.75, "InlineAlign": "Start", "RowIndex": 3, "Width": 192.5}}, {"Bounds": [288.47320556640625, 320.43597412109375, 347.1306610107422, 335.09483337402344], "Font": {"alt_family_name": "Arial", "embedded": false, "encoding": "WinAnsiEncoding", "family_name": "Arial", "font_type": "TrueType", "italic": false, "monospaced": false, "name": "Arial", "subset": false, "weight": 400}, "HasClip": false, "Lang": "en", "ObjectID": 388, "Page": 6, "Path": "//Document/Table[3]/TR[4]/TD[2]/P", "Text": "DUS (ACT) ", "TextSize": 11.029998779296875, "attributes": {"LineHeight": 13.25}}, {"Bounds": [130.2037353515625, 295.7177429199219, 190.75401306152344, 310.3766174316406], "ObjectID": 570, "Page": 6, "Path": "//Document/Table[3]/TR[5]/TD", "attributes": {"BBox": [130.1949999999997, 290.2619999999879, 249.9499999999971, 315.4609999999957], "BlockAlign": "Middle", "ColIndex": 0, "Height": 25.25, "InlineAlign": "Start", "RowIndex": 4, "Width": 119.75}}, {"Bounds": [130.2037353515625, 295.7177429199219, 190.75401306152344, 310.3766174316406], "Font": {"alt_family_name": "Arial", "embedded": false, "encoding": "WinAnsiEncoding", "family_name": "Arial", "font_type": "TrueType", "italic": false, "monospaced": false, "name": "Arial", "subset": false, "weight": 400}, "HasClip": false, "Lang": "en", "ObjectID": 389, "Page": 6, "Path": "//Document/Table[3]/TR[5]/TD/P", "Text": "Roland Earl ", "TextSize": 11.029998779296875, "attributes": {"LineHeight": 13.25}}, {"Bounds": [288.47320556640625, 295.7177429199219, 341.7325744628906, 310.3766174316406], "ObjectID": 571, "Page": 6, "Path": "//Document/Table[3]/TR[5]/TD[2]", "attributes": {"BBox": [249.9499999999971, 290.2619999999879, 442.4219999999914, 315.4609999999957], "BlockAlign": "Middle", "ColIndex": 1, "Height": 25.25, "InlineAlign": "Start", "RowIndex": 4, "Width": 192.5}}, {"Bounds": [288.47320556640625, 295.7177429199219, 341.7325744628906, 310.3766174316406], "Font": {"alt_family_name": "Arial", "embedded": false, "encoding": "WinAnsiEncoding", "family_name": "Arial", "font_type": "TrueType", "italic": false, "monospaced": false, "name": "Arial", "subset": false, "weight": 400}, "HasClip": false, "Lang": "en", "ObjectID": 390, "Page": 6, "Path": "//Document/Table[3]/TR[5]/TD[2]/P", "Text": "DTEI (SA) ", "TextSize": 11.029998779296875, "attributes": {"LineHeight": 13.25}}, {"Bounds": [130.2037353515625, 271.12083435058594, 204.26907348632812, 285.7797088623047], "ObjectID": 566, "Page": 6, "Path": "//Document/Table[3]/TR[6]/TD", "attributes": {"BBox": [130.1949999999997, 265.06299999999464, 249.9499999999971, 290.2619999999879], "BlockAlign": "Middle", "ColIndex": 0, "Height": 25.25, "InlineAlign": "Start", "RowIndex": 5, "Width": 119.75}}, {"Bounds": [130.2037353515625, 271.12083435058594, 204.26907348632812, 285.7797088623047], "Font": {"alt_family_name": "Arial", "embedded": false, "encoding": "WinAnsiEncoding", "family_name": "Arial", "font_type": "TrueType", "italic": false, "monospaced": false, "name": "Arial", "subset": false, "weight": 400}, "HasClip": false, "Lang": "en", "ObjectID": 391, "Page": 6, "Path": "//Document/Table[3]/TR[6]/TD/P", "Text": "Robert Gibson ", "TextSize": 11.029998779296875, "attributes": {"LineHeight": 13.25}}, {"Bounds": [288.47320556640625, 271.12083435058594, 428.42396545410156, 285.7797088623047], "ObjectID": 567, "Page": 6, "Path": "//Document/Table[3]/TR[6]/TD[2]", "attributes": {"BBox": [249.9499999999971, 265.06299999999464, 442.4219999999914, 290.2619999999879], "BlockAlign": "Middle", "ColIndex": 1, "Height": 25.25, "InlineAlign": "Start", "RowIndex": 5, "Width": 192.5}}, {"Bounds": [288.47320556640625, 271.12083435058594, 428.42396545410156, 285.7797088623047], "Font": {"alt_family_name": "Arial", "embedded": false, "encoding": "WinAnsiEncoding", "family_name": "Arial", "font_type": "TrueType", "italic": false, "monospaced": false, "name": "Arial", "subset": false, "weight": 400}, "HasClip": false, "Lang": "en", "ObjectID": 392, "Page": 6, "Path": "//Document/Table[3]/TR[6]/TD[2]/P", "Text": "Queensland Transport (Qld) ", "TextSize": 11.029998779296875, "attributes": {"LineHeight": 13.25}}, {"Bounds": [130.2037353515625, 246.40260314941406, 214.6824951171875, 261.0614776611328], "ObjectID": 562, "Page": 6, "Path": "//Document/Table[3]/TR[7]/TD", "attributes": {"BBox": [130.1949999999997, 240.58399999999529, 249.9499999999971, 265.06299999999464], "BlockAlign": "Middle", "ColIndex": 0, "Height": 24.5, "InlineAlign": "Start", "RowIndex": 6, "Width": 119.75}}, {"Bounds": [130.2037353515625, 246.40260314941406, 214.6824951171875, 261.0614776611328], "Font": {"alt_family_name": "Arial", "embedded": false, "encoding": "WinAnsiEncoding", "family_name": "Arial", "font_type": "TrueType", "italic": false, "monospaced": false, "name": "Arial", "subset": false, "weight": 400}, "HasClip": false, "Lang": "en", "ObjectID": 393, "Page": 6, "Path": "//Document/Table[3]/TR[7]/TD/P", "Text": "Simon Saunders ", "TextSize": 11.029998779296875, "attributes": {"LineHeight": 13.25}}, {"Bounds": [288.47320556640625, 246.40260314941406, 335.01861572265625, 261.0614776611328], "ObjectID": 563, "Page": 6, "Path": "//Document/Table[3]/TR[7]/TD[2]", "attributes": {"BBox": [249.9499999999971, 240.58399999999529, 442.4219999999914, 265.06299999999464], "BlockAlign": "Middle", "ColIndex": 1, "Height": 24.5, "InlineAlign": "Start", "RowIndex": 6, "Width": 192.5}}, {"Bounds": [288.47320556640625, 246.40260314941406, 335.01861572265625, 261.0614776611328], "Font": {"alt_family_name": "Arial", "embedded": false, "encoding": "WinAnsiEncoding", "family_name": "Arial", "font_type": "TrueType", "italic": false, "monospaced": false, "name": "Arial", "subset": false, "weight": 400}, "HasClip": false, "Lang": "en", "ObjectID": 394, "Page": 6, "Path": "//Document/Table[3]/TR[7]/TD[2]/P", "Text": "DPI (NT) ", "TextSize": 11.029998779296875, "attributes": {"LineHeight": 13.25}}, {"Bounds": [130.2037353515625, 221.8057098388672, 190.24002075195312, 236.46458435058594], "ObjectID": 558, "Page": 6, "Path": "//Document/Table[3]/TR[8]/TD", "attributes": {"BBox": [130.1949999999997, 216.10499999999593, 249.9499999999971, 240.58399999999529], "BlockAlign": "Middle", "ColIndex": 0, "Height": 24.5, "InlineAlign": "Start", "RowIndex": 7, "Width": 119.75}}, {"Bounds": [130.2037353515625, 221.8057098388672, 190.24002075195312, 236.46458435058594], "Font": {"alt_family_name": "Arial", "embedded": false, "encoding": "WinAnsiEncoding", "family_name": "Arial", "font_type": "TrueType", "italic": false, "monospaced": false, "name": "Arial", "subset": false, "weight": 400}, "HasClip": false, "Lang": "en", "ObjectID": 395, "Page": 6, "Path": "//Document/Table[3]/TR[8]/TD/P", "Text": "Tony Beard ", "TextSize": 11.029998779296875, "attributes": {"LineHeight": 13.25}}, {"Bounds": [288.47320556640625, 221.8057098388672, 346.53062438964844, 236.46458435058594], "ObjectID": 559, "Page": 6, "Path": "//Document/Table[3]/TR[8]/TD[2]", "attributes": {"BBox": [249.9499999999971, 216.10499999999593, 442.4219999999914, 240.58399999999529], "BlockAlign": "Middle", "ColIndex": 1, "Height": 24.5, "InlineAlign": "Start", "RowIndex": 7, "Width": 192.5}}, {"Bounds": [288.47320556640625, 221.8057098388672, 346.53062438964844, 236.46458435058594], "Font": {"alt_family_name": "Arial", "embedded": false, "encoding": "WinAnsiEncoding", "family_name": "Arial", "font_type": "TrueType", "italic": false, "monospaced": false, "name": "Arial", "subset": false, "weight": 400}, "HasClip": false, "Lang": "en", "ObjectID": 396, "Page": 6, "Path": "//Document/Table[3]/TR[8]/TD[2]/P", "Text": "DIER (Tas) ", "TextSize": 11.029998779296875, "attributes": {"LineHeight": 13.25}}, {"Bounds": [130.2037353515625, 197.2088165283203, 203.551025390625, 211.86767578125], "ObjectID": 554, "Page": 6, "Path": "//Document/Table[3]/TR[9]/TD", "attributes": {"BBox": [130.1949999999997, 191.62599999999657, 249.9499999999971, 216.10499999999593], "BlockAlign": "Middle", "ColIndex": 0, "Height": 24.5, "InlineAlign": "Start", "RowIndex": 8, "Width": 119.75}}, {"Bounds": [130.2037353515625, 197.2088165283203, 203.551025390625, 211.86767578125], "Font": {"alt_family_name": "Arial", "embedded": false, "encoding": "WinAnsiEncoding", "family_name": "Arial", "font_type": "TrueType", "italic": false, "monospaced": false, "name": "Arial", "subset": false, "weight": 400}, "HasClip": false, "Lang": "en", "ObjectID": 397, "Page": 6, "Path": "//Document/Table[3]/TR[9]/TD/P", "Text": "Rex Middleton ", "TextSize": 11.029998779296875, "attributes": {"LineHeight": 13.25}}, {"Bounds": [288.47320556640625, 197.2088165283203, 338.0176696777344, 211.86767578125], "ObjectID": 555, "Page": 6, "Path": "//Document/Table[3]/TR[9]/TD[2]", "attributes": {"BBox": [249.9499999999971, 191.62599999999657, 442.4219999999914, 216.10499999999593], "BlockAlign": "Middle", "ColIndex": 1, "Height": 24.5, "InlineAlign": "Start", "RowIndex": 8, "Width": 192.5}}, {"Bounds": [288.47320556640625, 197.2088165283203, 338.0176696777344, 211.86767578125], "Font": {"alt_family_name": "Arial", "embedded": false, "encoding": "WinAnsiEncoding", "family_name": "Arial", "font_type": "TrueType", "italic": false, "monospaced": false, "name": "Arial", "subset": false, "weight": 400}, "HasClip": false, "Lang": "en", "ObjectID": 398, "Page": 6, "Path": "//Document/Table[3]/TR[9]/TD[2]/P", "Text": "DPI (WA) ", "TextSize": 11.029998779296875, "attributes": {"LineHeight": 13.25}}, {"Bounds": [130.2037353515625, 172.49058532714844, 210.984130859375, 187.14944458007812], "ObjectID": 550, "Page": 6, "Path": "//Document/Table[3]/TR[10]/TD", "attributes": {"BBox": [130.1949999999997, 172.18699999999808, 249.9499999999971, 191.62599999999657], "BlockAlign": "Middle", "ColIndex": 0, "Height": 19.5, "InlineAlign": "Start", "RowIndex": 9, "Width": 119.75}}, {"Bounds": [130.2037353515625, 172.49058532714844, 210.984130859375, 187.14944458007812], "Font": {"alt_family_name": "Arial", "embedded": false, "encoding": "WinAnsiEncoding", "family_name": "Arial", "font_type": "TrueType", "italic": false, "monospaced": false, "name": "Arial", "subset": false, "weight": 400}, "HasClip": false, "Lang": "en", "ObjectID": 399, "Page": 6, "Path": "//Document/Table[3]/TR[10]/TD/P", "Text": "John Dombrose ", "TextSize": 11.029998779296875, "attributes": {"LineHeight": 13.25}}, {"Bounds": [288.47320556640625, 172.49058532714844, 338.0176696777344, 187.14944458007812], "ObjectID": 551, "Page": 6, "Path": "//Document/Table[3]/TR[10]/TD[2]", "attributes": {"BBox": [249.9499999999971, 172.18699999999808, 442.4219999999914, 191.62599999999657], "BlockAlign": "Middle", "ColIndex": 1, "Height": 19.5, "InlineAlign": "Start", "RowIndex": 9, "Width": 192.5}}, {"Bounds": [288.47320556640625, 172.49058532714844, 338.0176696777344, 187.14944458007812], "Font": {"alt_family_name": "Arial", "embedded": false, "encoding": "WinAnsiEncoding", "family_name": "Arial", "font_type": "TrueType", "italic": false, "monospaced": false, "name": "Arial", "subset": false, "weight": 400}, "HasClip": false, "Lang": "en", "ObjectID": 400, "Page": 6, "Path": "//Document/Table[3]/TR[10]/TD[2]/P", "Text": "DPI (WA) ", "TextSize": 11.029998779296875, "attributes": {"LineHeight": 13.25}}, {"Bounds": [85.08000183105469, 97.98292541503906, 555.5370635986328, 137.83432006835938], "Font": {"alt_family_name": "Arial", "embedded": false, "encoding": "WinAnsiEncoding", "family_name": "Arial", "font_type": "TrueType", "italic": false, "monospaced": false, "name": "Arial", "subset": false, "weight": 400}, "HasClip": false, "Lang": "en", "ObjectID": 401, "Page": 6, "Path": "//Document/P[44]", "Text": "Previous AMVCB members involved in the process included Mr Jorge Montano (NSW), Mr John Hollins (NT), Mr Rickman Smith (SA), Mr Geoff Doyle (Tas), Mr James Hurnall (Qld), Mr Angus Draheim (Qld) and Mr Russell Hoelzl (Qld). ", "TextSize": 11.029998779296875, "attributes": {"LineHeight": 12.625, "SpaceAfter": 18, "TextAlign": "Justify"}}], "pages": [{"boxes": {"CropBox": [0.0, 0.0, 595.0, 842.0], "MediaBox": [0.0, 0.0, 595.0, 842.0]}, "height": 842.0, "is_scanned": false, "page_number": 0, "rotation": 0, "width": 595.0}, {"boxes": {"CropBox": [0.0, 0.0, 595.0, 842.0], "MediaBox": [0.0, 0.0, 595.0, 842.0]}, "height": 842.0, "is_scanned": false, "page_number": 1, "rotation": 0, "width": 595.0}, {"boxes": {"CropBox": [0.0, 0.0, 595.0, 842.0], "MediaBox": [0.0, 0.0, 595.0, 842.0]}, "height": 842.0, "is_scanned": false, "page_number": 2, "rotation": 0, "width": 595.0}, {"boxes": {"CropBox": [0.0, 0.0, 595.0, 842.0], "MediaBox": [0.0, 0.0, 595.0, 842.0]}, "height": 842.0, "is_scanned": false, "page_number": 3, "rotation": 0, "width": 595.0}, {"boxes": {"CropBox": [0.0, 0.0, 595.0, 842.0], "MediaBox": [0.0, 0.0, 595.0, 842.0]}, "height": 842.0, "is_scanned": false, "page_number": 4, "rotation": 0, "width": 595.0}, {"boxes": {"CropBox": [0.0, 0.0, 595.0, 842.0], "MediaBox": [0.0, 0.0, 595.0, 842.0]}, "height": 842.0, "is_scanned": false, "page_number": 5, "rotation": 0, "width": 595.0}, {"boxes": {"CropBox": [0.0, 0.0, 595.0, 842.0], "MediaBox": [0.0, 0.0, 595.0, 842.0]}, "height": 842.0, "is_scanned": false, "page_number": 6, "rotation": 0, "width": 595.0}]}